,Procyanidin B1,Procyanidin B3,Procyanidin C1,K-glucoside,K-rutinoside,Phloridzin,Nar 7 gluc,Rutin,Quercetin,Quercetin-glucoside,Chlorogenic,Catechin,Epicatechin,Gallic acid,Hydroxybenzoic,Hydroxybenzoic 2,Total polyphenols,P gluc,P rut,Cyan,Tot anth,Vit C,fruit_Weight,fruit_Hydrat,fruit_Firm,fruit_Hue,fruit_Chroma,fruit_BRIX,fruit_Acidity,fruit_GA,fruit_GGA,fruit_CSI,yield_Com Ton/ha,yield_No com Ton/ha,yield_Nº de plantes,yield_g/planta,soil_Densidad ap,soil_C org,soil_N,soil_C:N,soil_Microbial_biomass_C_sinincubar,soil_Microbial_biomass_C_incubado,soil_N_microbiano_sinincubar,soil_N_microbiano_incubado,soil_Respiracion_microb (ug C-CO2/gsuelo·dia),soil_N _mineral _sinincubar,soil_N_mineral_incubado,leaf_iso_%N_March,leaf_iso_%N_May,leaf_iso_d13C_March,leaf_iso_d13C_May,leaf_nut_B_March,leaf_nut_B_May,leaf_nut_Ca_March,leaf_nut_Ca_May,leaf_nut_Cd_March,leaf_nut_Cd_May,leaf_nut_Co_March,leaf_nut_Co_May,leaf_nut_Cr_March,leaf_nut_Cr_May,leaf_nut_Cu_March,leaf_nut_Cu_May,leaf_nut_Fe_March,leaf_nut_Fe_May,leaf_nut_K_March,leaf_nut_K_May,leaf_nut_Mg_March,leaf_nut_Mg_May,leaf_nut_Mn_March,leaf_nut_Mn_May,leaf_nut_Mo_March,leaf_nut_Mo_May,leaf_nut_Na_March,leaf_nut_Na_May,leaf_nut_Ni_March,leaf_nut_Ni_May,leaf_nut_P_March,leaf_nut_P_May,leaf_nut_Pb_March,leaf_nut_Pb_May,leaf_nut_S_March,leaf_nut_S_May,leaf_nut_Si_March,leaf_nut_Si_May,leaf_nut_Zn_March,leaf_nut_Zn_May,leaf_no3_mg NO3-/ 100 mg DW_March,leaf_no3_mg NO3-/ 100 mg DW_May,leaf_no3_mg NO3-/ g DW_March,leaf_no3_mg NO3-/ g DW_May,leaf_rgb_CSI_December,leaf_rgb_CSI_March,leaf_rgb_CSI_May,leaf_rgb_GA_December,leaf_rgb_GA_March,leaf_rgb_GA_May,leaf_rgb_GGA_December,leaf_rgb_GGA_March,leaf_rgb_GGA_May
Procyanidin B1,1.0,0.9629765395894428,0.87534373606474,0.9523460410557185,-0.5722189249444782,0.8889296187683284,0.8673020527859238,-0.47857953907544,0.8859970674486803,0.6953812316715543,-0.23020527859237536,0.9582111436950147,0.8885630498533724,0.579183979939366,0.13709677419354838,0.2670699305506886,0.26173020527859236,-0.6364532019704433,-0.7091509774863952,-0.5842364532019705,-0.6187192118226601,0.3383741192838512,-0.16625423953979038,0.6043996435194655,-0.49477359404069904,-0.42379032258064514,-0.08266129032258064,-0.45372007321568253,-0.05044231856069483,0.37976539589442815,0.2631964809384164,0.015029325513196481,0.6946480938416423,-0.09274193548387097,0.5297222497667391,0.6268328445747801,-0.1842880107297833,0.0007342151821903717,-0.006822641251392883,0.005139506275332602,-0.20411182064892333,0.06534515121494308,-0.15611345306375626,0.039764747478503955,-0.22667211570011878,-0.17327478299692772,-0.014684303643807434,0.3977272727272727,-0.22947214076246333,0.46884164222873903,0.425625517322374,-0.2723607038123167,-0.5069648093841642,-0.10227272727272728,0.5725806451612904,-0.2716275659824047,0.17375366568914957,-0.6455278592375366,0.2760263929618768,-0.04582111436950147,0.33284457478005863,-0.2859237536656892,-0.03592375366568915,-0.656158357771261,0.3548387096774194,-0.04912023460410557,0.5040322580645161,0.45234604105571846,0.4010263929618768,0.6697214076246334,0.6968475073313783,0.3192815249266862,-0.23277126099706744,0.015029325513196481,-0.2371700879765396,-0.187316715542522,0.3596041055718475,0.7628299120234604,0.2283724340175953,-0.25733137829912023,0.16165689149560117,0.39956011730205276,-0.07881231671554252,0.4662756598240469,0.2283724340175953,-0.024926686217008796,-0.38892961876832843,-0.5241935483870968,-0.4002932551319648,-0.43548387096774194,-0.40652492668621704,0.15505865102639296,-0.37609970674486803,0.015029325513196481,0.1158357771260997,0.45491202346041054,0.37976539589442815,0.01466275659824047,0.5091642228739003,0.2631964809384164
Procyanidin B3,0.9629765395894428,1.0,0.8054995552394697,0.8852639296187683,-0.5193263848092474,0.8299120234604106,0.8343108504398827,-0.4006120169501739,0.8848973607038123,0.717741935483871,-0.12903225806451613,0.9428152492668622,0.8266129032258065,0.4992206438869393,0.16019061583577712,0.3530382197945273,0.2719941348973607,-0.5625615763546798,-0.6108902405982918,-0.4935960591133005,-0.5413793103448276,0.34130693938598644,-0.26963614814005693,0.5468377727080879,-0.4258207136258351,-0.3657258064516129,0.008467741935483872,-0.40418330824672405,-0.12426483587032486,0.34457478005865105,0.1466275659824047,0.1187683284457478,0.6059384164222874,-0.13379765395894427,0.4763801342077217,0.5395894428152492,-0.24522787085158415,0.038179189473899325,0.07504905376532171,-0.09838483441350981,-0.2129224028352078,0.09397954332036758,-0.18115051629096246,0.06111988964288571,-0.23218278301859815,-0.1446403908915032,0.03083703765199561,0.3229472140762463,-0.17631964809384165,0.4175219941348974,0.34442306074450507,-0.24816715542521994,-0.47653958944281527,0.006598240469208211,0.4739736070381232,-0.2862903225806452,0.16532258064516128,-0.6180351906158358,0.24633431085043989,-0.042155425219941346,0.3596041055718475,-0.31121700879765396,-0.024560117302052785,-0.6418621700879765,0.28152492668621704,-0.04655425219941349,0.4769061583577713,0.4237536656891496,0.31451612903225806,0.6473607038123167,0.6107038123167156,0.2763929618768328,-0.1348973607038123,0.019428152492668622,-0.10813782991202346,-0.2368035190615836,0.3152492668621701,0.6678885630498533,0.18951612903225806,-0.32074780058651026,0.12903225806451613,0.3068181818181818,-0.13013196480938416,0.43218475073313783,0.24816715542521994,-0.1158357771260997,-0.2906891495601173,-0.4783724340175953,-0.35740469208211145,-0.4010263929618768,-0.3687683284457478,0.14589442815249268,-0.37316715542521994,0.1187683284457478,0.09970674486803519,0.3717008797653959,0.34457478005865105,0.021994134897360705,0.4446480938416422,0.1466275659824047
Procyanidin C1,0.87534373606474,0.8054995552394697,1.0,0.88964254473763,-0.6991912347529544,0.8496792076775016,0.7569202693636254,-0.6406069054293918,0.7580201777230785,0.5182401553623078,-0.4307974407857883,0.8405133046820592,0.8696608762075658,0.43942038923083876,0.017965169871066916,0.08314235986898189,0.1539871703234307,-0.7027959161572781,-0.7551349836243741,-0.6372706046613664,-0.6880157707070724,0.10376753183206999,-0.1323677702875522,0.4812981298129813,-0.38875644581999025,-0.3671741121593533,0.03185805036857651,-0.5581247888757723,-0.05045156639624063,0.400183324781011,0.34207149978990675,-0.06819431828609074,0.8153987304745474,-0.1312557308947338,0.5747011612279685,0.7635197195203439,-0.041857937997507984,-0.007710672789014629,-0.07847475891298171,0.1266753386766689,-0.1641271779375971,-0.07600520320600135,-0.23458137076208233,-0.033879884003314875,-0.1385268307466739,-0.07710672789014629,-0.006976322999584664,0.3939505107441102,-0.3767186131126787,0.4581118317122063,0.45127876255236804,-0.4337305297443298,-0.6043996435194655,-0.14078827000999378,0.6315307163859747,-0.25022915177557487,0.29459212227351567,-0.6190650883121732,0.43263062138487673,-0.10650779280703956,0.3393217288912741,-0.25114574207511914,0.09000916741524342,-0.5638863522796105,0.5096242065465921,-0.14665444792707685,0.5296058750766564,0.5411549128509137,0.3688359365365983,0.7043079861697866,0.7343721479948374,0.4148487695737187,-0.2960586667527864,0.017598533751249222,-0.03923006482049306,-0.22529789562797184,0.45096242737576137,0.8476627090185043,0.1281393238762834,-0.08945921323551688,0.2779101788218106,0.4377635270623244,-0.14830431046625647,0.6452795708791382,0.18515124050793452,0.04179651765921691,-0.4137488612142656,-0.5974335572429293,-0.41796517659216903,-0.4997250313115144,-0.41943172107143983,0.23208066384459913,-0.5396883683716428,-0.06819431828609074,0.19266728096419722,0.5959670127636586,0.400183324781011,0.027314390926418065,0.6762603230037332,0.34207149978990675
K-glucoside,0.9523460410557185,0.8852639296187683,0.88964254473763,1.0,-0.61747143150462,0.9501466275659824,0.8709677419354839,-0.5516496037807773,0.8581378299120235,0.6275659824046921,-0.3057184750733138,0.9109237536656891,0.9105571847507331,0.5951399667204695,0.11950146627565983,0.2249106415824948,0.2532991202346041,-0.6512315270935961,-0.7256177493275335,-0.6438423645320197,-0.638423645320197,0.3172944747997543,-0.156355971695084,0.6373968943030578,-0.4709335024079004,-0.3411290322580645,-0.07661290322580645,-0.5463721706576233,-0.03019175271516041,0.4772727272727273,0.38673020527859236,-0.051319648093841645,0.7470674486803519,-0.08797653958944282,0.5622336851621986,0.6891495601173021,-0.1820853651832122,-0.07415573340122754,-0.08869433626810748,0.06607936639713345,-0.15418518825997807,0.011747442915045947,-0.11193040030986298,-0.021355142164381752,-0.2373260725158456,-0.10058747996008092,0.05139506275332602,0.4772727272727273,-0.2602639296187683,0.499633431085044,0.4886811495182813,-0.31048387096774194,-0.5784457478005866,-0.17302052785923755,0.6396627565982405,-0.29215542521994137,0.2155425219941349,-0.6737536656891495,0.3280791788856305,-0.09200879765395895,0.28812316715542524,-0.2283724340175953,0.009897360703812317,-0.6110703812316716,0.41642228739002934,-0.0714809384164223,0.46810850439882695,0.48900293255131966,0.3969941348973607,0.6752199413489736,0.7320381231671554,0.32074780058651026,-0.2892228739002933,-0.056085043988269793,-0.21297653958944282,-0.21041055718475074,0.39846041055718473,0.8185483870967742,0.21480938416422288,-0.20087976539589442,0.26099706744868034,0.4211876832844575,-0.07661290322580645,0.5472873900293255,0.1774193548387097,0.01686217008797654,-0.37976539589442815,-0.5718475073313783,-0.49266862170087977,-0.48533724340175954,-0.4934017595307918,0.11400293255131964,-0.4142228739002933,-0.051319648093841645,0.25439882697947214,0.5021994134897361,0.4772727272727273,0.12390029325513197,0.5436217008797654,0.38673020527859236
K-rutinoside,-0.5722189249444782,-0.5193263848092474,-0.6991912347529544,-0.61747143150462,1.0,-0.6100272962263283,-0.5702599419765066,0.9355108877721943,-0.3365532738975055,-0.023703693912455276,0.6868194285708116,-0.6781999035117369,-0.71855495265195,-0.2553213716833294,0.15142938342419776,0.05181984860688491,0.0756167425637003,0.8773280079294955,0.9254437869822485,0.803362508184055,0.8762482196120438,0.32286998300244363,0.15144326265830638,-0.22248329748128898,0.26578427303635316,0.3409678744734943,0.11112383942102425,0.6431951228102989,0.36322956964983827,-0.46447486170604513,-0.42314032108184624,-0.07659623404768606,-0.7832013905950098,-0.085607555700355,-0.7012204864728502,-0.7953470849964333,-0.11535746855442798,0.007847446840437278,-0.0328148233973852,0.061994830039454496,-0.047084681042623665,0.007847446840437278,-0.011805944842356607,0.004722377936942643,-0.14371398810869299,-0.013340659628743373,-0.006277957472349822,-0.5011078432071123,0.4664338446740166,-0.761260781353729,-0.4770560731862562,0.6039544490256167,0.7103272241864697,0.20079575421707982,-0.7534248494818429,0.3727944588049784,-0.5234402490419876,0.6552798027864702,-0.5432259770184998,0.3343983926327368,-0.26661758194092255,0.1424180617715288,-0.1612242982640553,0.5532167901551546,-0.6080683132583569,0.15593504425053223,-0.46682564126761095,-0.7916250173572873,-0.2781755814519545,-0.848239625131664,-0.7348145112861135,-0.3914047970007078,0.32989273180640233,-0.08227728465480344,0.13732470605480288,0.22312816005195504,-0.5261828251971477,-0.7581264086049745,-0.040746845733807414,0.22018968559999777,-0.40413818629252257,-0.5559593663103146,0.37632062814732714,-0.702883088908178,-0.13712880775800573,-0.32186090163771913,0.3140249697658331,0.7167918679807757,0.5081601818918098,0.6682090903750821,0.48798265732170326,-0.19531060190675958,0.6339268884355808,-0.07659623404768606,-0.30423005492597555,-0.7802629161430525,-0.46447486170604513,-0.1516252817209949,-0.8347226426526606,-0.42314032108184624
Phloridzin,0.8889296187683284,0.8299120234604106,0.8496792076775016,0.9501466275659824,-0.6100272962263283,1.0,0.8900293255131965,-0.6112026860071113,0.7602639296187683,0.5047653958944281,-0.3980938416422287,0.8592375366568915,0.9314516129032258,0.6193490501124886,0.17595307917888564,0.22106131519844233,0.29545454545454547,-0.6669950738916256,-0.7407347857718571,-0.7009852216748769,-0.6551724137931034,0.30794611072419825,-0.18055173753769957,0.7061411667688751,-0.4272877961878535,-0.3165322580645161,-0.06088709677419355,-0.49023050369280374,-0.06829963571539337,0.49523460410557185,0.3680351906158358,-0.0032991202346041057,0.7558651026392962,-0.04105571847507331,0.6101247816129953,0.7104105571847508,-0.2709254022282472,-0.015418518825997806,-0.013645282502785766,0.0007342151821903717,-0.1218797202436017,0.04698977166018379,-0.05891073700519105,-0.005154689487954217,-0.2806766554212168,-0.027900176923234123,0.09471375850255795,0.41019061583577715,-0.2752932551319648,0.47580645161290325,0.4679681075469513,-0.37280058651026393,-0.5861436950146628,-0.20124633431085043,0.6895161290322581,-0.25476539589442815,0.22947214076246333,-0.6763196480938416,0.4010263929618768,-0.19868035190615835,0.2569648093841642,-0.2987536656891496,0.03482404692082111,-0.5967741935483871,0.4670087976539589,-0.01686217008797654,0.4798387096774194,0.49266862170087977,0.45161290322580644,0.6887829912023461,0.7778592375366569,0.19904692082111436,-0.24853372434017595,-0.047653958944281524,-0.2320381231671554,-0.24120234604105573,0.4270527859237537,0.842375366568915,0.14112903225806453,-0.2126099706744868,0.2628299120234604,0.34017595307917886,-0.1433284457478006,0.6381964809384164,0.14772727272727273,-0.013563049853372434,-0.4112903225806452,-0.5714809384164223,-0.5102639296187683,-0.5021994134897361,-0.5157624633431085,0.19868035190615835,-0.4475806451612903,-0.0032991202346041057,0.2525659824046921,0.5582844574780058,0.49523460410557185,0.09274193548387097,0.6004398826979472,0.3680351906158358
Nar 7 gluc,0.8673020527859238,0.8343108504398827,0.7569202693636254,0.8709677419354839,-0.5702599419765066,0.8900293255131965,1.0,-0.5314720792106707,0.7250733137829912,0.5571847507331378,-0.3526392961876833,0.8709677419354839,0.8618035190615836,0.5681798511248118,0.2760263929618768,0.30226377177631125,0.3837976539589443,-0.5172413793103449,-0.6816163753913772,-0.558128078817734,-0.5054187192118227,0.3847493371488644,-0.2415910559133889,0.672960597925374,-0.3337612828591817,-0.22258064516129034,-0.07983870967741935,-0.47426865720280603,0.021723334270664196,0.42558651026392963,0.2587976539589443,0.11986803519061584,0.6689882697947214,0.010997067448680353,0.6761210486732396,0.6114369501466276,-0.22466984575025373,0.022760670647901524,0.034113206256964415,-0.04552134129580305,-0.10572698623541353,0.1167402139682691,-0.03534644220311463,0.061856273855450596,-0.24651051804664456,0.019823809919140036,0.09324532813817721,0.311950146627566,-0.16055718475073313,0.44941348973607037,0.3715516466892559,-0.41678885630498536,-0.5615835777126099,-0.18181818181818182,0.5872434017595308,-0.2467008797653959,0.1466275659824047,-0.6173020527859238,0.30461876832844575,-0.12573313782991202,0.2624633431085044,-0.19208211143695014,-0.0186950146627566,-0.5865102639296188,0.36656891495601174,0.04288856304985337,0.4237536656891496,0.42888563049853373,0.42595307917888564,0.7305718475073314,0.749266862170088,0.156158357771261,-0.29435483870967744,-0.15395894428152493,-0.23973607038123168,-0.1942815249266862,0.3618035190615836,0.7716275659824047,0.03262463343108504,-0.27749266862170086,0.16495601173020527,0.21810850439882698,-0.2159090909090909,0.5263929618768328,0.08211143695014662,0.0872434017595308,-0.3060850439882698,-0.530791788856305,-0.39882697947214074,-0.4868035190615836,-0.38599706744868034,0.30168621700879766,-0.3152492668621701,0.11986803519061584,0.07514662756598241,0.5340909090909091,0.42558651026392963,-0.07551319648093842,0.5414222873900293,0.2587976539589443
Rutin,-0.47857953907544,-0.4006120169501739,-0.6406069054293918,-0.5516496037807773,0.9355108877721943,-0.6112026860071113,-0.5314720792106707,1.0,-0.20412602526263138,0.13693290946120856,0.7346186129893164,-0.5786835687387841,-0.7044502752825551,-0.3149126937499184,0.07698803064128036,0.028113982136438505,0.006268745497508833,0.8433146759297674,0.8899408284023669,0.823878486215637,0.8454742525646707,0.26017678241944486,0.07229309692227044,-0.3402397587637678,0.24304756531347932,0.34357233945992455,0.18752147902297842,0.5249491901716982,0.2920003691009534,-0.4343065239992839,-0.40550947437010265,-0.04290172699857608,-0.7573428154177859,-0.12909697758932254,-0.6254803508419547,-0.8012240339003478,-0.10515578766185953,0.0023542340521311832,-0.010938274465795067,0.026681319257486746,-0.06356431940754195,-0.056501617251148405,-0.0700486060646492,-0.025973078653184534,-0.07342763873313002,-0.010201680892568461,0.029820297993661656,-0.5410710957537311,0.5541962816391403,-0.7142451901224127,-0.5315207911927363,0.6282458378284633,0.6942635638491033,0.2916925639309579,-0.7455889176099568,0.3108905970170787,-0.46310357362846505,0.5910251614370047,-0.5694763487893181,0.4100151351964371,-0.24036721017010432,0.14790321408184903,-0.10989894450320173,0.49875706364554656,-0.6319679054676093,0.037612472985053,-0.3880745259551562,-0.7536207477786401,-0.25505958242989063,-0.8035748134619135,-0.7489191886555084,-0.27033964958006845,0.30912751234590435,-0.13830419753878864,0.11891026615587068,0.20353833037223992,-0.5406792991601369,-0.7326596300213449,0.09050501312028378,0.2436974812156559,-0.37906320430248724,-0.5649706879629836,0.4198100500362947,-0.7549920358562201,-0.10186711433451855,-0.3246034777928793,0.3108905970170787,0.6846645473060429,0.5191304865124502,0.6591977687224132,0.4969939789743722,-0.30305466514519264,0.5982733984184992,-0.04290172699857608,-0.23135588851743538,-0.8331554562782834,-0.4343065239992839,-0.0564187094775795,-0.8582304382683187,-0.40550947437010265
Quercetin,0.8859970674486803,0.8848973607038123,0.7580201777230785,0.8581378299120235,-0.3365532738975055,0.7602639296187683,0.7250733137829912,-0.20412602526263138,1.0,0.8834310850439883,-0.028592375366568914,0.8174486803519062,0.6917155425219942,0.41668967777778326,0.1693548387096774,0.21941160389099126,0.2895894428152493,-0.4403940886699507,-0.5328755346624074,-0.3788177339901478,-0.4206896551724138,0.42269269722023883,-0.13967555736418993,0.4436297049794075,-0.4456263282130833,-0.3342741935483871,-0.10927419354838709,-0.37354390176592384,0.025957543492912304,0.35043988269794724,0.1528592375366569,0.06378299120234604,0.5157624633431085,-0.18291788856304986,0.36190873293508563,0.43291788856304986,-0.2856097058720546,0.09324532813817721,0.04775848875975018,0.019089594736949662,-0.3105730220665272,-0.14977989716683582,-0.2997083745139094,-0.17673221101557313,-0.17670873201257234,-0.1762116437256892,0.0,0.19648093841642228,0.02785923753665689,0.3247800586510264,0.19686554935582676,-0.16422287390029325,-0.26466275659824046,0.031158357771260997,0.38929618768328444,-0.2892228739002933,0.11620234604105571,-0.5843108504398827,0.0714809384164223,-0.02309384164222874,0.25146627565982405,-0.2316715542521994,0.12573313782991202,-0.5733137829912024,0.1433284457478006,-0.07917888563049853,0.5454545454545454,0.24890029325513197,0.3654692082111437,0.43218475073313783,0.49230205278592376,0.21480938416422288,-0.10520527859237537,-0.15249266862170088,-0.05205278592375367,-0.33687683284457476,0.14002932551319647,0.6173020527859238,0.3658357771260997,-0.2620967741935484,0.17265395894428154,0.23240469208211142,0.16532258064516128,0.34237536656891493,0.17302052785923755,-0.23497067448680353,-0.20161290322580644,-0.4120234604105572,-0.34347507331378296,-0.3185483870967742,-0.3563049853372434,0.019794721407624633,-0.26502932551319647,0.06378299120234604,0.15395894428152493,0.13856304985337242,0.35043988269794724,0.09604105571847507,0.21480938416422288,0.1528592375366569
Quercetin-glucoside,0.6953812316715543,0.717741935483871,0.5182401553623078,0.6275659824046921,-0.023703693912455276,0.5047653958944281,0.5571847507331378,0.13693290946120856,0.8834310850439883,1.0,0.23057184750733137,0.593841642228739,0.41678885630498536,0.32150396353189,0.2661290322580645,0.25332233632192974,0.3625366568914956,-0.11182266009852217,-0.21622761056970027,-0.021182266009852218,-0.08916256157635467,0.5812482839919242,-0.12006232293116063,0.31255729214458255,-0.3671374111450999,-0.21169354838709678,-0.05887096774193548,-0.18750582888250203,0.1555611649043326,0.1495601173020528,-0.016129032258064516,0.04875366568914956,0.22947214076246333,-0.28262463343108507,0.1886441969952114,0.1187683284457478,-0.27165961741043754,0.11380335323950762,0.07504905376532171,-0.01248165809723632,-0.29221764251176796,-0.10939806214636538,-0.3122269061275125,-0.10898486345960343,-0.22226358184533526,-0.22687249129682485,-0.10058747996008092,-0.07331378299120235,0.20491202346041057,0.02785923753665689,-0.04490880781394558,0.017961876832844576,0.03189149560117302,0.14259530791788858,0.13526392961876832,-0.1623900293255132,-0.056085043988269793,-0.28482404692082114,-0.07661290322580645,0.14442815249266863,0.1807184750733138,-0.1623900293255132,0.09274193548387097,-0.2873900293255132,-0.0531524926686217,-0.07881231671554252,0.4215542521994135,-0.07697947214076246,0.31085043988269795,0.14589442815249268,0.28519061583577715,0.10887096774193548,0.010997067448680353,-0.14736070381231672,-0.025659824046920823,-0.1777859237536657,-0.0656158357771261,0.32991202346041054,0.3519061583577713,-0.09934017595307917,0.09200879765395895,-0.015029325513196481,0.3053519061583578,0.06928152492668621,0.0469208211143695,-0.3086510263929619,-0.0780791788856305,-0.15469208211143695,-0.09970674486803519,-0.04105571847507331,-0.1184017595307918,-0.1374633431085044,-0.02309384164222874,0.04875366568914956,0.06304985337243402,-0.059750733137829914,0.1495601173020528,0.0780791788856305,-0.03262463343108504,-0.016129032258064516
Chlorogenic,-0.23020527859237536,-0.12903225806451613,-0.4307974407857883,-0.3057184750733138,0.6868194285708116,-0.3980938416422287,-0.3526392961876833,0.7346186129893164,-0.028592375366568914,0.23057184750733137,1.0,-0.27785923753665687,-0.4780058651026393,-0.003117836497457005,0.2093108504398827,0.4386399065255991,0.16202346041055718,0.6980295566502464,0.7242680139307188,0.7098522167487685,0.7009852216748769,0.4280084336553589,0.007698652768104957,-0.05004583035511498,0.039061073213739396,0.015725806451612902,0.10564516129032259,0.39299166875373714,0.01914598952668709,-0.2958211143695015,-0.4875366568914956,0.18328445747800587,-0.5626832844574781,-0.21114369501466276,-0.6708647088188838,-0.5733137829912024,-0.09251111295598684,-0.10572698623541353,-0.09551697751950036,0.0440529109314223,0.007342151821903717,0.21659347874615964,0.1178214740103821,0.18704158999148157,-0.1454816172078558,0.1035243406888424,0.17033792226816624,-0.2903225806451613,0.532991202346041,-0.5414222873900293,-0.2670699305506886,0.5278592375366569,0.5135630498533724,0.1374633431085044,-0.5432551319648093,0.0032991202346041057,-0.3874633431085044,0.5164956011730205,-0.42302052785923755,0.4182551319648094,-0.08541055718475073,0.07294721407624634,-0.08394428152492668,0.40175953079178883,-0.47324046920821117,0.29178885630498536,-0.4343841642228739,-0.6162023460410557,-0.20637829912023462,-0.5227272727272727,-0.6345307917888563,-0.187316715542522,0.4567448680351906,-0.14589442815249268,0.2558651026392962,0.15505865102639296,-0.3500733137829912,-0.6099706744868035,-0.11546920821114369,0.01063049853372434,-0.2991202346041056,-0.3944281524926686,0.4303519061583578,-0.5509530791788856,0.1184017595307918,-0.3214809384164223,0.33394428152492667,0.6906158357771262,0.4835043988269795,0.7016129032258065,0.4574780058651026,-0.3376099706744868,0.2873900293255132,0.18328445747800587,-0.14772727272727273,-0.6675219941348973,-0.2958211143695015,0.021994134897360705,-0.6411290322580645,-0.4875366568914956
Catechin,0.9582111436950147,0.9428152492668622,0.8405133046820592,0.9109237536656891,-0.6781999035117369,0.8592375366568915,0.8709677419354839,-0.5786835687387841,0.8174486803519062,0.593841642228739,-0.27785923753665687,1.0,0.8856304985337243,0.5632279931582626,0.1063049853372434,0.3176610773125212,0.2217741935483871,-0.6630541871921182,-0.786085895104828,-0.6083743842364532,-0.6502463054187192,0.25863807275704986,-0.19613234433029295,0.5941338321645702,-0.49000557571413933,-0.3971774193548387,-0.08508064516129032,-0.48215784569786235,-0.1389925201216226,0.4189882697947214,0.23240469208211142,0.1495601173020528,0.7210410557184751,-0.016129032258064516,0.6134343289287009,0.6653225806451613,-0.10279012550665204,0.013215873279426691,0.027290565005571532,-0.035976543927328214,-0.14757725162026472,0.037444974291708955,-0.08910248972035145,-0.007363842125648881,-0.12233681447024239,-0.055066138664277876,0.04992663238894528,0.4002932551319648,-0.23936950146627567,0.5058651026392962,0.4280084336553589,-0.41275659824046923,-0.5443548387096774,-0.14076246334310852,0.6041055718475073,-0.37646627565982405,0.2837243401759531,-0.6447947214076246,0.28519061583577715,-0.16532258064516128,0.2719941348973607,-0.22910557184750732,0.0021994134897360706,-0.6433284457478006,0.375733137829912,-0.0373900293255132,0.5714809384164223,0.4974340175953079,0.3530058651026393,0.7532991202346041,0.6994134897360704,0.26759530791788855,-0.1528592375366569,-0.007331378299120235,-0.250733137829912,-0.2558651026392962,0.3629032258064516,0.7624633431085044,0.16715542521994134,-0.3288123167155425,0.17265395894428154,0.3903958944281525,-0.16348973607038123,0.5714809384164223,0.2987536656891496,0.02785923753665689,-0.34824046920821117,-0.5590175953079178,-0.40505865102639294,-0.4838709677419355,-0.41019061583577715,0.17595307917888564,-0.4468475073313783,0.1495601173020528,0.10263929618768329,0.531891495601173,0.4189882697947214,0.0032991202346041057,0.5879765395894428,0.23240469208211142
Epicatechin,0.8885630498533724,0.8266129032258065,0.8696608762075658,0.9105571847507331,-0.71855495265195,0.9314516129032258,0.8618035190615836,-0.7044502752825551,0.6917155425219942,0.41678885630498536,-0.4780058651026393,0.8856304985337243,1.0,0.6112793556484822,0.05828445747800586,0.21171295112288632,0.17302052785923755,-0.7226600985221675,-0.7947242016444415,-0.7211822660098522,-0.7103448275862069,0.21482907248140498,-0.18055173753769957,0.6307974441463393,-0.3682377230666137,-0.369758064516129,-0.08185483870967741,-0.5570134016509551,-0.1196624345417943,0.4706744868035191,0.40725806451612906,-0.0344574780058651,0.8284457478005866,-0.08834310850439883,0.6332916128229337,0.7983870967741935,-0.13656402388740913,-0.032305468016376356,-0.0409358475083573,0.029368607287614867,-0.09691640404912906,0.1013216951422713,-0.08247503180726747,0.06553819491827503,-0.2865547005609281,-0.12775344170112468,0.04331869574923193,0.5267595307917888,-0.4083577712609971,0.5571847507331378,0.5350563673832945,-0.40542521994134895,-0.6730205278592375,-0.1774193548387097,0.7584310850439883,-0.2925219941348974,0.21370967741935484,-0.6983137829912024,0.4798387096774194,-0.25476539589442815,0.31378299120234604,-0.2657624633431085,0.06781524926686217,-0.624633431085044,0.5450879765395894,-0.03555718475073314,0.4934017595307918,0.6055718475073314,0.4285190615835777,0.7785923753665689,0.8519061583577713,0.3189149560117302,-0.23387096774193547,0.05755131964809384,-0.24890029325513197,-0.26173020527859236,0.48240469208211145,0.8665689149560117,0.17008797653958943,-0.17888563049853373,0.27052785923753664,0.48497067448680353,-0.20344574780058652,0.5989736070381232,0.17631964809384165,0.15029325513196481,-0.31744868035190615,-0.5747800586510264,-0.4868035190615836,-0.4868035190615836,-0.48826979472140764,0.24890029325513197,-0.5157624633431085,-0.0344574780058651,0.13856304985337242,0.6880498533724341,0.4706744868035191,0.012829912023460411,0.7316715542521994,0.40725806451612906
Gallic acid,0.579183979939366,0.4992206438869393,0.43942038923083876,0.5951399667204695,-0.2553213716833294,0.6193490501124886,0.5681798511248118,-0.3149126937499184,0.41668967777778326,0.32150396353189,-0.003117836497457005,0.5632279931582626,0.6112793556484822,1.0,0.20357638306925152,0.44625832141141464,0.2842733277093152,-0.2373675778374971,-0.32269031557805933,-0.2930737799052794,-0.2363816273584213,0.5671314138117937,0.1511372202396242,0.8022563441039755,-0.3506743752718099,-0.2174922362082698,-0.2764047899863911,-0.2012116897154071,0.01335553411890348,0.1973407100743375,0.032645582149843935,0.11884459119718467,0.4687758875000062,-0.06290693638986782,0.12399291152135784,0.4786796034331049,-0.22371207935197174,-0.14914138623464782,-0.0785107548595162,-0.03783636153243528,0.07383600648562615,0.3989348410118905,0.29695339309892976,0.3352699599504046,-0.42477765288697406,-0.036734331584888626,0.07126460327468394,0.4132050369865078,-0.05116919898767673,0.25621279923220214,0.3538151672842659,0.05245301401604138,-0.2862907513253168,-0.28482353415004286,0.5639616017458995,-0.26758373234057475,0.03172857141529776,-0.333975309521718,0.31875293132825144,-0.045667134580399664,0.26758373234057475,-0.22943608578345373,0.13681800159428975,-0.29399364149550467,0.4348464903217976,0.15845945492957955,0.18376895120305406,0.2756534268045811,0.43154525167743135,0.46290701879891066,0.5228795208382306,0.07409446735133118,-0.00953691163928025,-0.12196242769464168,-0.29747828228678014,-0.01503897604655732,0.31526829053697597,0.4669418660309138,-0.06382394712441398,0.05795507842331845,0.3673545002591989,0.340210982516632,0.2611646571987515,0.1947730800176082,0.10949108170481366,0.032645582149843935,-0.17019719233177064,-0.1606602806924904,-0.3468134598053645,-0.15020635831866394,-0.3475470683930015,0.013021552430555727,-0.2065108174197993,0.11884459119718467,-0.06345714283059552,0.3631362508802865,0.1973407100743375,-0.051352601134585965,0.3453462426300906,0.032645582149843935
Hydroxybenzoic,0.13709677419354838,0.16019061583577712,0.017965169871066916,0.11950146627565983,0.15142938342419776,0.17595307917888564,0.2760263929618768,0.07698803064128036,0.1693548387096774,0.2661290322580645,0.2093108504398827,0.1063049853372434,0.05828445747800586,0.20357638306925152,1.0,0.48409861810869503,0.9802052785923754,0.09261083743842365,0.0510199979995922,0.02413793103448276,0.10738916256157635,0.4269086261170582,-0.20621391343138276,0.4474793842374933,-0.1560609075347053,0.0407258064516129,0.0024193548387096775,0.20144951087376442,0.20342613872105034,0.2631964809384164,-0.006598240469208211,0.2532991202346041,-0.11950146627565983,0.28812316715542524,-0.1757953662401196,-0.09934017595307917,-0.26872275668167606,0.12922187206550542,0.17056603128482206,-0.18649065627635442,0.22980935202558633,0.0044052910931422305,0.17452305837787846,-0.09131164235804612,-0.3243946161478199,-0.026431746558853383,-0.14831146680245508,-0.18951612903225806,0.125,-0.1660557184750733,-0.006598845229804248,0.0593841642228739,0.2151759530791789,0.06121700879765396,-0.04142228739002932,0.21920821114369501,0.026759530791788857,-0.002932551319648094,0.021994134897360705,-0.11363636363636363,0.18621700879765396,-0.02749266862170088,-0.17925219941348974,0.12280058651026393,0.004765395894428153,-0.006964809384164223,-0.020527859237536656,-0.1436950146627566,0.17192082111436952,0.06818181818181818,-0.004765395894428153,-0.18621700879765396,0.04875366568914956,-0.218475073313783,0.08357771260997067,0.004032258064516129,0.07038123167155426,0.0021994134897360706,-0.06708211143695014,0.05828445747800586,0.11510263929618768,-0.4215542521994135,0.05278592375366569,0.004032258064516129,-0.2250733137829912,-0.24120234604105573,0.22104105571847507,0.008064516129032258,-0.041788856304985335,0.004032258064516129,-0.04655425219941349,-0.0007331378299120235,0.2155425219941349,0.2532991202346041,-0.02346041055718475,0.0032991202346041057,0.2631964809384164,0.026392961876832845,-0.09310850439882698,-0.006598240469208211
Hydroxybenzoic 2,0.2670699305506886,0.3530382197945273,0.08314235986898189,0.2249106415824948,0.05181984860688491,0.22106131519844233,0.30226377177631125,0.028113982136438505,0.21941160389099126,0.25332233632192974,0.4386399065255991,0.3176610773125212,0.21171295112288632,0.44625832141141464,0.48409861810869503,1.0,0.5251580995385882,0.06404729695089109,0.010934203373896015,-0.015272816965212493,0.06700332604093223,0.635563703024748,-0.16663611365719525,0.5351544618689263,-0.1243466430567617,0.04072991249653452,0.11593910735399679,0.041559650517489805,-0.06351895961949833,0.08248556537255311,-0.19429933176645844,0.17541930235896294,-0.006415543973420797,0.08303546914170347,-0.23139749997296868,0.0406928789171262,-0.1171180550107923,-0.08223963737434946,0.05799776592493433,-0.21551190686938898,0.17439208818221424,0.32455285463805766,0.22645889951299406,0.22830002877732733,-0.3786175437250977,0.12225803234668914,0.2669116802283574,0.09018421814065807,0.0874346992949063,-0.1156630927779578,0.17241063244729607,0.07973604652680134,-0.05407387063311815,-0.14755751138867834,-0.05297406309481744,0.0012831087946841594,-0.1145632852396571,0.004765832665969735,-0.1303271932886339,-0.0614059208884562,0.013380991715991948,-0.0753368163735985,-0.08651819301298903,0.04692512163416355,-0.11218036890667223,0.030428008559652924,-0.12262854052052895,-0.18183484633238375,-0.056273485709719566,0.09513335206301125,0.009165062819172568,-0.17395289230789535,0.20694711845691657,-0.034643937456472304,-0.0023829163329848677,0.056273485709719566,-0.09714966588322922,-0.09879937719068028,-0.21611218127608914,-0.022179452022397614,-0.04142608394266001,-0.28320044111243237,-0.004215928896819381,0.024928970868149384,0.04582531409586284,-0.13930895485142303,0.18898359533133835,0.034277334943705405,0.08321877039808691,0.07680322642466611,0.03776005881499098,0.10063238975451479,-0.1559893691823171,0.17541930235896294,-0.16772064959085797,0.0874346992949063,0.08248556537255311,-0.13765924354397197,0.1277609756992656,-0.19429933176645844
Total polyphenols,0.26173020527859236,0.2719941348973607,0.1539871703234307,0.2532991202346041,0.0756167425637003,0.29545454545454547,0.3837976539589443,0.006268745497508833,0.2895894428152493,0.3625366568914956,0.16202346041055718,0.2217741935483871,0.17302052785923755,0.2842733277093152,0.9802052785923754,0.5251580995385882,1.0,0.0004926108374384236,-0.049400315523414666,-0.06995073891625615,0.015763546798029555,0.5018788399778898,-0.19814865815051091,0.5341888265743775,-0.2330827420406703,0.018548387096774192,-0.0012096774193548388,0.14365661840997954,0.22993597037338628,0.312316715542522,0.027126099706744868,0.21407624633431085,-0.02932551319648094,0.2280058651026393,-0.11018845768760542,-0.0186950146627566,-0.30690194615557537,0.1585904793531203,0.19103395503900072,-0.19089594736949664,0.18795908664073516,-0.010279012550665203,0.13696746353706918,-0.10162102133395455,-0.3449677741368096,-0.06240829048618159,-0.17400899817911808,-0.13379765395894427,0.07331378299120235,-0.10043988269794721,0.052607460582050534,-0.026392961876832845,0.12866568914956011,0.0032991202346041057,0.01722873900293255,0.18365102639296188,0.060117302052785926,-0.0813782991202346,0.04838709677419355,-0.14222873900293256,0.1774193548387097,-0.07991202346041056,-0.18291788856304986,0.031158357771260997,0.053519061583577714,-0.03592375366568915,0.028592375366568914,-0.1125366568914956,0.2093108504398827,0.11986803519061584,0.09640762463343108,-0.16825513196480937,0.0010997067448680353,-0.20637829912023462,0.08504398826979472,0.0021994134897360706,0.08431085043988269,0.09310850439882698,-0.053519061583577714,0.03152492668621701,0.16202346041055718,-0.38929618768328444,0.051319648093841645,0.08027859237536657,-0.1774193548387097,-0.2250733137829912,0.1381964809384164,-0.07368035190615836,-0.08651026392961877,-0.06341642228739003,-0.0967741935483871,0.0469208211143695,0.16422287390029325,0.21407624633431085,-0.012463343108504398,0.08980938416422288,0.312316715542522,0.006231671554252199,-0.0018328445747800588,0.027126099706744868
P gluc,-0.6364532019704433,-0.5625615763546798,-0.7027959161572781,-0.6512315270935961,0.8773280079294955,-0.6669950738916256,-0.5172413793103449,0.8433146759297674,-0.4403940886699507,-0.11182266009852217,0.6980295566502464,-0.6630541871921182,-0.7226600985221675,-0.2373675778374971,0.09261083743842365,0.06404729695089109,0.0004926108374384236,1.0,0.8940647268499966,0.9246305418719212,0.9985221674876847,0.2680133041637289,0.13842364532019705,-0.20029564539862746,0.2247689890603327,0.3065134099616858,-0.07717569786535304,0.6528602780308602,0.18854583284435752,-0.37980295566502464,-0.43645320197044335,0.08029556650246306,-0.7438423645320197,-0.19064039408866995,-0.5891585012945015,-0.7699507389162562,0.007401020986994694,-0.017762450368787264,-0.04972451580988469,0.04687313291763306,-0.043419323123702204,0.06907619587861714,0.07182774072255461,0.02274710733351702,-0.030602231410734943,0.08091782945780865,-0.06216857629075542,-0.4807881773399015,0.5561576354679802,-0.6916256157635468,-0.4409410059311349,0.3901477832512315,0.6689655172413793,0.17389162561576355,-0.7009852216748769,0.22167487684729065,-0.42216748768472906,0.7605911330049261,-0.5339901477832513,0.35123152709359606,-0.18620689655172415,0.31576354679802954,-0.19704433497536947,0.6295566502463055,-0.632512315270936,0.4246305418719212,-0.4665024630541872,-0.7507389162561576,-0.32610837438423645,-0.7300492610837438,-0.7571428571428571,-0.541871921182266,0.5443349753694581,-0.12610837438423644,0.19852216748768473,0.14630541871921182,-0.3758620689655172,-0.683743842364532,-0.296551724137931,0.013793103448275862,-0.28472906403940884,-0.40935960591133,0.2704433497536946,-0.5950738916256157,-0.09556650246305419,-0.20541871921182267,0.2940886699507389,0.7152709359605911,0.6389162561576355,0.6911330049261084,0.6448275862068965,-0.14088669950738916,0.5423645320197045,0.08029556650246306,-0.4014778325123153,-0.6995073891625616,-0.37980295566502464,-0.22118226600985222,-0.7453201970443349,-0.43645320197044335
P rut,-0.7091509774863952,-0.6108902405982918,-0.7551349836243741,-0.7256177493275335,0.9254437869822485,-0.7407347857718571,-0.6816163753913772,0.8899408284023669,-0.5328755346624074,-0.21622761056970027,0.7242680139307188,-0.786085895104828,-0.7947242016444415,-0.32269031557805933,0.0510199979995922,0.010934203373896015,-0.049400315523414666,0.8940647268499966,1.0,0.8778679020882213,0.8956844093261741,0.20086536568342309,0.12147618571331475,-0.3411621752185532,0.33656136695265265,0.2824196609942702,0.024571420559114807,0.7333592510935993,0.15023682547075864,-0.47159754764702416,-0.49940209682140513,0.016466771841138223,-0.8028226140253291,-0.2542901487598722,-0.7598523450837052,-0.8076816614538617,-0.024469417267517862,-0.0647560821610003,-0.06812166316424002,0.02987702329348866,0.02149523395323392,0.2177913326959739,0.08292969910576879,0.17844270393451184,-0.08276705507331891,-0.04042185504413172,-0.07584167451424044,-0.4008714128539387,0.4019512011713904,-0.6678490743438682,-0.4522170531179216,0.5471827298686422,0.6624501327566098,0.20596962155390924,-0.7553119280574548,0.3347343784100229,-0.5544713010114412,0.762060605041528,-0.4167982905363511,0.42003765548870614,-0.10554930803090237,0.21892708136332947,-0.17978475485570583,0.6268171182807042,-0.5644593429478693,0.33527427256874875,-0.6071109814872109,-0.7018624063435964,-0.40627035444119713,-0.8120008147236685,-0.8079516085332246,-0.434344850694941,0.4370443214885702,0.02537502546011464,0.33284474885448245,0.25968909034713067,-0.36334876882249256,-0.8103811322474909,-0.265357979013752,0.11445756164987879,-0.28020506837871273,-0.386024323488978,0.22702549374421713,-0.7123903424387503,-0.15252009984005074,-0.22513586418867668,0.34175300247345886,0.7588212400891728,0.5466428357099165,0.7132001836768391,0.534225270059222,-0.16709724212564853,0.5536614597733523,0.016466771841138223,-0.33824369044174085,-0.7231882256132672,-0.47159754764702416,-0.1630480359352047,-0.7841962655492875,-0.49940209682140513
Cyan,-0.5842364532019705,-0.4935960591133005,-0.6372706046613664,-0.6438423645320197,0.803362508184055,-0.7009852216748769,-0.558128078817734,0.823878486215637,-0.3788177339901478,-0.021182266009852218,0.7098522167487685,-0.6083743842364532,-0.7211822660098522,-0.2930737799052794,0.02413793103448276,-0.015272816965212493,-0.06995073891625615,0.9246305418719212,0.8778679020882213,1.0,0.9285714285714286,0.19879295630526583,0.15073891625615762,-0.3370288350618971,0.24916825432017148,0.13738368910782703,-0.12479474548440066,0.7016768698171557,0.07225115904271968,-0.42758620689655175,-0.5788177339901478,0.22758620689655173,-0.6945812807881774,-0.28866995073891627,-0.5557999949795654,-0.729064039408867,0.09942038192529538,-0.05748126299899212,-0.11602387022306428,0.1305046700706731,-0.0772173189643113,0.09300616373656664,0.03492314290303517,0.05167549383375062,0.06293200814304363,0.030837587445811224,-0.11027521270622094,-0.49507389162561577,0.5551724137931034,-0.6748768472906403,-0.520014784089735,0.34088669950738915,0.7093596059113301,0.22660098522167488,-0.6532019704433497,0.1891625615763547,-0.44482758620689655,0.7517241379310344,-0.4182266009852217,0.3689655172413793,-0.09359605911330049,0.33842364532019703,-0.08423645320197044,0.5921182266009852,-0.5640394088669951,0.42216748768472906,-0.38817733990147785,-0.7241379310344828,-0.29310344827586204,-0.6916256157635468,-0.7463054187192119,-0.4403940886699507,0.6029556650246305,-0.06995073891625615,0.2684729064039409,0.07192118226600985,-0.31970443349753697,-0.6881773399014778,-0.24088669950738917,0.0004926108374384236,-0.2,-0.31822660098522165,0.3019704433497537,-0.6103448275862069,-0.0645320197044335,-0.2103448275862069,0.33793103448275863,0.716256157635468,0.6275862068965518,0.7177339901477833,0.6216748768472906,-0.18423645320197043,0.5364532019704433,0.22758620689655173,-0.41773399014778323,-0.6211822660098523,-0.42758620689655175,-0.21379310344827587,-0.7,-0.5788177339901478
Tot anth,-0.6187192118226601,-0.5413793103448276,-0.6880157707070724,-0.638423645320197,0.8762482196120438,-0.6551724137931034,-0.5054187192118227,0.8454742525646707,-0.4206896551724138,-0.08916256157635467,0.7009852216748769,-0.6502463054187192,-0.7103448275862069,-0.2363816273584213,0.10738916256157635,0.06700332604093223,0.015763546798029555,0.9985221674876847,0.8956844093261741,0.9285714285714286,1.0,0.277866734463866,0.12660098522167487,-0.19315102828108724,0.2075169833210528,0.29337712096332785,-0.07936507936507936,0.654339568691051,0.18928813927287863,-0.3566502463054187,-0.4246305418719212,0.09359605911330049,-0.7374384236453202,-0.1935960591133005,-0.5786518851323169,-0.7689655172413793,0.008634524484827143,-0.018009151068353754,-0.041437096508237244,0.029850784647545266,-0.04563962941980061,0.07080310077558256,0.06018669308820955,0.018543837500149745,-0.04220146428415867,0.06488228398598682,-0.07327010777124747,-0.4660098522167488,0.5655172413793104,-0.6945812807881774,-0.45892351622888505,0.39408866995073893,0.68128078817734,0.18620689655172415,-0.6916256157635468,0.22216748768472908,-0.4295566502463054,0.7556650246305419,-0.5270935960591133,0.35911330049261087,-0.15911330049261083,0.3295566502463054,-0.19852216748768473,0.6246305418719211,-0.6310344827586207,0.4379310344827586,-0.45073891625615764,-0.7423645320197044,-0.3142857142857143,-0.7211822660098522,-0.7482758620689656,-0.5399014778325123,0.5517241379310345,-0.1394088669950739,0.20591133004926107,0.14039408866995073,-0.35763546798029555,-0.6719211822660098,-0.29310344827586204,0.0019704433497536944,-0.28866995073891627,-0.3955665024630542,0.2729064039408867,-0.5955665024630542,-0.10837438423645321,-0.19507389162561575,0.29507389162561576,0.7078817733990148,0.6472906403940887,0.6847290640394089,0.6536945812807882,-0.13349753694581282,0.5374384236453202,0.09359605911330049,-0.4182266009852217,-0.6955665024630542,-0.3566502463054187,-0.23251231527093597,-0.7379310344827587,-0.4246305418719212
Vit C,0.3383741192838512,0.34130693938598644,0.10376753183206999,0.3172944747997543,0.32286998300244363,0.30794611072419825,0.3847493371488644,0.26017678241944486,0.42269269722023883,0.5812482839919242,0.4280084336553589,0.25863807275704986,0.21482907248140498,0.5671314138117937,0.4269086261170582,0.635563703024748,0.5018788399778898,0.2680133041637289,0.20086536568342309,0.19879295630526583,0.277866734463866,1.0,0.05224564619615032,0.6019800190293318,-0.24695096589370152,0.012299627041032702,-0.18509930530603314,0.16651383154358496,0.34999867314975747,0.022179452022397614,-0.2305929805303818,0.08010264903956824,0.0058656402042704435,-0.12941068700671665,-0.15614707192117872,-0.029511502277735666,-0.24928890079099678,0.06204686926904043,0.03752796618672221,-0.016521355722525558,-0.03194128773021608,0.2606702791776255,0.041241295521065584,0.17748486108172867,-0.4008459390626702,-0.11932090244046238,0.01578707324596887,-0.006598845229804248,0.2795344159847633,-0.15287324782379844,-0.032630614115490376,0.13545962846737056,0.14627440259399418,-0.1217120342386117,-0.04050957766074275,-0.05993951083738859,-0.4280084336553589,0.044175602788411775,-0.17065346969299322,0.06837136863102736,0.05315736435120089,-0.09036751939704152,0.011731280408540887,-0.004215928896819381,-0.15873888802806888,0.10759783749708594,-0.03647695002030682,-0.3552378348711287,0.15800568300253506,-0.10796444000985285,0.13802584605673887,-0.21537897625055533,0.18348455763983482,-0.15653927295146747,-0.12189533549499515,0.07148748998954603,-0.16057190059190338,-0.06837136863102736,-0.030244707303269475,-0.02877829725220186,-0.03812666132775788,-0.2109797460973525,0.32682614013169375,-0.09733296713961266,-0.007515351511721505,-0.12464485434074692,0.1288607832375663,0.18091834005046648,0.04435890404479523,0.20786362473883382,0.01081477412662363,0.056640088222486465,0.11089726011198807,0.08010264903956824,-0.23205939058144942,-0.0878013018076732,0.022179452022397614,-0.2177618925835402,-0.12574466187904762,-0.2305929805303818
fruit_Weight,-0.16625423953979038,-0.26963614814005693,-0.1323677702875522,-0.156355971695084,0.15144326265830638,-0.18055173753769957,-0.2415910559133889,0.07229309692227044,-0.13967555736418993,-0.12006232293116063,0.007698652768104957,-0.19613234433029295,-0.18055173753769957,0.1511372202396242,-0.20621391343138276,-0.16663611365719525,-0.19814865815051091,0.13842364532019705,0.12147618571331475,0.15073891625615762,0.12660098522167487,0.05224564619615032,1.0,-0.12100100885011696,0.10050436636446225,-0.19296300128308683,-0.4734348244646686,0.21660559574347335,0.24726366019996018,-0.2991476504177926,-0.197782055637744,-0.03812666132775788,-0.04600861535224629,-0.06580515104165903,-0.22837969496701074,-0.033727431174555046,0.19605342124063665,-0.09692528690548328,-0.23881433027914134,0.32895854949739783,-0.10867380653039035,-0.060578304315927055,0.0865330754236644,-0.06922646033893151,0.16845816962441273,-0.19054630266646147,-0.21477762439283227,0.073503803809764,0.11346347770135638,0.07258729752784673,-0.06544454628780935,0.13252680836523534,0.15617267043870056,-0.19851526066327782,-0.1438914862610093,-0.18330125638345135,-0.19154981292070666,0.1752360011025795,-0.058656402042704434,0.31051232831356657,-0.32682614013169375,0.05902300455547133,0.14829071641421215,0.08120245657786895,-0.04839153168523116,0.02199615076601416,-0.05279076183843399,-0.16900375838554216,-0.12611126439181453,-0.22857666671016383,-0.14425808877377622,-0.019429933176645844,0.05682338947886992,-0.09073412190980842,0.0538905693767347,0.4362569901926142,-0.365502705228602,-0.11089726011198807,0.009898267844706373,0.032261021123487436,0.19008340286963904,0.15525616415678328,0.15653927295146747,-0.1341765196726864,-0.10943085006092046,0.1492072226961294,-0.002566217589368319,0.22399413530057755,0.03446063620008885,0.24837320239957658,0.03556044373838956,0.047108422890546994,0.18000183376854922,-0.03812666132775788,-0.2023645870473303,-0.07698652768104956,-0.2991476504177926,-0.21427916871225464,-0.11822931036732612,-0.197782055637744
fruit_Hydrat,0.6043996435194655,0.5468377727080879,0.4812981298129813,0.6373968943030578,-0.22248329748128898,0.7061411667688751,0.672960597925374,-0.3402397587637678,0.4436297049794075,0.31255729214458255,-0.05004583035511498,0.5941338321645702,0.6307974441463393,0.8022563441039755,0.4474793842374933,0.5351544618689263,0.5341888265743775,-0.20029564539862746,-0.3411621752185532,-0.3370288350618971,-0.19315102828108724,0.6019800190293318,-0.12100100885011696,1.0,-0.5376926260539284,-0.0744101648522963,-0.11494253107265283,-0.1504725717172886,0.06242000368002033,0.4007332789607375,0.1862511488673876,0.09220898413414957,0.43189734914524136,0.11494042356284649,0.22723234123430094,0.4218148558502548,-0.28345901871996637,-0.02349919326175887,0.04435529851603314,-0.13144861230796367,-0.04112358820807802,0.20488359125096015,0.13920213210057633,0.10090313279248125,-0.3229843082926429,0.07563802831128637,0.05691210868082226,0.2940421680937891,-0.041246563479490364,0.14922090076580072,0.374186453125892,-0.17176902213458878,-0.30009166407078103,-0.23171402772478145,0.45572869693339135,-0.1747021110931303,0.06012832365010151,-0.3008249363104164,0.1758020194525834,-0.19560036992273877,0.2478460169967599,-0.17176902213458878,-0.1594867121206961,-0.26562786880791794,0.26746104940700643,0.17946838065076032,0.1587534398810607,0.14335472284871764,0.4098991819561798,0.4086159555368179,0.49184235473543403,-0.08469294367788689,0.031164070184503834,-0.1400549977703584,-0.2707607744853657,-0.10119156906968303,0.41943172107143983,0.4647112818689248,-0.19706691440200952,-0.08817598681615496,0.11714024028175264,0.1380384991113611,0.008799266875624611,0.35637030846279677,0.19083410036510876,-0.019431714350337685,-0.22566453174778953,-0.227497712346878,-0.24436297385849182,-0.21851512741134452,-0.2383134778814999,0.19266728096419722,-0.19321723514392378,0.09220898413414957,0.0021998167189061528,0.3776352034122229,0.4007332789607375,-0.053528873493383054,0.3712190713154133,0.1862511488673876
fruit_Firm,-0.49477359404069904,-0.4258207136258351,-0.38875644581999025,-0.4709335024079004,0.26578427303635316,-0.4272877961878535,-0.3337612828591817,0.24304756531347932,-0.4456263282130833,-0.3671374111450999,0.039061073213739396,-0.49000557571413933,-0.3682377230666137,-0.3506743752718099,-0.1560609075347053,-0.1243466430567617,-0.2330827420406703,0.2247689890603327,0.33656136695265265,0.24916825432017148,0.2075169833210528,-0.24695096589370152,0.10050436636446225,-0.5376926260539284,1.0,0.1583619414488833,0.07181764478446173,0.16512163280831416,0.055351307444029996,-0.47863568585849686,-0.41500097973094957,0.019438843946743552,-0.24922065022287251,-0.17715021936371952,-0.30834685106251986,-0.17311574231816898,0.07566578029472294,-0.2078972410039475,-0.29012182152784477,0.2894399751079693,0.004407715356974152,0.20275490642081098,-0.019156525704423027,0.2902950433670259,-0.0806838082281013,0.04370984395666034,0.12451795883451978,-0.18283516429154076,-0.10507978850456655,-0.1876031826181005,-0.11169189619700276,0.18980380646112807,-0.03392628424667506,0.05739960523896916,-0.32294154896429617,0.24353570529505128,-0.2980011454099837,0.18485240281431603,0.07060334829713459,0.16669725610933855,-0.07977261430974948,0.12011738476525496,0.226114099871083,0.19933984311424754,-0.0698698070161254,-0.03851091725298251,-0.38969380553613253,-0.1481753387638565,-0.4126169705676697,-0.186686256016839,-0.2664588703265885,0.03612690808970264,-0.14689164152209042,0.11571613707919981,0.3687878790273706,0.09444343992993329,-0.21914545770149568,-0.3137722829516813,-0.21529436597619744,0.29396666836443314,0.020539155868257337,-0.26114069603927187,-0.15807814605748058,-0.31762337467697954,-0.4458097135333356,-0.07280397214016217,0.37172204415140736,0.22042915494326176,0.010269577934128669,0.18540255877507292,-0.0014670825620183812,0.09169266012614882,0.2737942831366804,0.019438843946743552,-0.11516598111844292,-0.1340546691044296,-0.47863568585849686,-0.12671925629433767,-0.2259307145508307,-0.41500097973094957
fruit_Hue,-0.42379032258064514,-0.3657258064516129,-0.3671741121593533,-0.3411290322580645,0.3409678744734943,-0.3165322580645161,-0.22258064516129034,0.34357233945992455,-0.3342741935483871,-0.21169354838709678,0.015725806451612902,-0.3971774193548387,-0.369758064516129,-0.2174922362082698,0.0407258064516129,0.04072991249653452,0.018548387096774192,0.3065134099616858,0.2824196609942702,0.13738368910782703,0.29337712096332785,0.012299627041032702,-0.19296300128308683,-0.0744101648522963,0.1583619414488833,1.0,0.4931451612903226,0.16792824960101127,0.3275970653092338,0.00282258064516129,0.029838709677419355,-0.10766129032258065,-0.33588709677419354,0.14677419354838708,-0.21430110998781493,-0.3040322580645161,0.04866234757217534,0.013932373371286718,0.050729965619589236,-0.07289256213093485,0.32084842444890715,-0.08864220159412854,0.11283425736103377,-0.027347620724846606,-0.03132270759916711,0.2845031026107679,0.16214051908903238,-0.27419354838709675,0.1350806451612903,-0.25806451612903225,-0.16191148383523377,0.1403225806451613,0.09717741935483871,0.1689516129032258,-0.4439516129032258,0.24637096774193548,0.04959677419354839,0.3689516129032258,-0.2608870967741935,0.039919354838709675,-0.11653225806451613,0.13830645161290323,-0.24233870967741936,0.4383064516129032,-0.3185483870967742,-0.3580645161290323,-0.24274193548387096,-0.24596774193548387,-0.33911290322580645,-0.30120967741935484,-0.28911290322580646,-0.20766129032258066,-0.0012096774193548388,-0.1963709677419355,0.0068548387096774195,0.15120967741935484,-0.14919354838709678,-0.4120967741935484,-0.1403225806451613,0.42096774193548386,-0.10201612903225807,-0.4403225806451613,-0.2056451612903226,-0.13629032258064516,-0.13588709677419356,-0.14838709677419354,0.05806451612903226,0.1532258064516129,0.031451612903225803,0.035483870967741936,0.037096774193548385,0.01129032258064516,0.1504032258064516,-0.10766129032258065,-0.018951612903225806,-0.27661290322580645,0.00282258064516129,-0.014516129032258065,-0.2995967741935484,0.029838709677419355
fruit_Chroma,-0.08266129032258064,0.008467741935483872,0.03185805036857651,-0.07661290322580645,0.11112383942102425,-0.06088709677419355,-0.07983870967741935,0.18752147902297842,-0.10927419354838709,-0.05887096774193548,0.10564516129032259,-0.08508064516129032,-0.08185483870967741,-0.2764047899863911,0.0024193548387096775,0.11593910735399679,-0.0012096774193548388,-0.07717569786535304,0.024571420559114807,-0.12479474548440066,-0.07936507936507936,-0.18509930530603314,-0.4734348244646686,-0.11494253107265283,0.07181764478446173,0.4931451612903226,1.0,0.005853268315419864,0.04963591898624755,-0.01975806451612903,0.0012096774193548388,-0.12862903225806452,-0.15120967741935484,0.12903225806451613,-0.07315499738539867,-0.1596774193548387,0.01090359655144178,-0.06703692694590131,0.03623568972827803,-0.11913188824723425,0.4046445831312838,-0.04603740766164307,0.05388494157636442,0.09885658454611217,-0.24896500491725082,0.4187788749572268,0.4167596904106636,-0.17016129032258065,-0.13629032258064516,-0.2870967741935484,-0.13085996638738073,0.07822580645161291,-0.01935483870967742,0.08830645161290322,-0.24233870967741936,0.32379032258064516,0.22258064516129034,0.20040322580645162,0.08387096774193549,0.010483870967741936,-0.0125,-0.08306451612903226,-0.26653225806451614,0.2564516129032258,0.05403225806451613,-0.2903225806451613,-0.12741935483870967,-0.10766129032258065,-0.16169354838709676,-0.14919354838709678,-0.27983870967741936,0.19959677419354838,-0.18306451612903227,0.09758064516129032,0.10766129032258065,0.10927419354838709,-0.015725806451612902,-0.1588709677419355,-0.08024193548387097,0.3282258064516129,-0.2645161290322581,-0.3810483870967742,-0.3649193548387097,0.05766129032258065,0.2060483870967742,-0.14516129032258066,-0.13548387096774195,0.059274193548387095,0.2508064516129032,0.06088709677419355,0.22338709677419355,-0.18548387096774194,-0.020967741935483872,-0.12862903225806452,0.21491935483870966,-0.05403225806451613,-0.01975806451612903,0.2318548387096774,-0.02620967741935484,0.0012096774193548388
fruit_BRIX,-0.45372007321568253,-0.40418330824672405,-0.5581247888757723,-0.5463721706576233,0.6431951228102989,-0.49023050369280374,-0.47426865720280603,0.5249491901716982,-0.37354390176592384,-0.18750582888250203,0.39299166875373714,-0.48215784569786235,-0.5570134016509551,-0.2012116897154071,0.20144951087376442,0.041559650517489805,0.14365661840997954,0.6528602780308602,0.7333592510935993,0.7016768698171557,0.654339568691051,0.16651383154358496,0.21660559574347335,-0.1504725717172886,0.16512163280831416,0.16792824960101127,0.005853268315419864,1.0,0.20261796546358582,-0.42399801423430744,-0.6111369041170394,0.17246132989192947,-0.6705810220797895,-0.04898635646930337,-0.5153490540524936,-0.6447118225960001,-0.07937529546643625,-0.018741389207353003,-0.0375624113212674,0.0429949517109863,0.05071199432577871,0.22930640912526026,0.22040117025415976,0.12494313832133806,-0.12999917347827047,-0.1289848551329589,-0.205787803061131,-0.44381272022189083,0.23190544785467962,-0.46748028570705985,-0.3833029136028088,0.23869381935042577,0.5494911521556689,-0.04531696647160274,-0.5724248396412978,0.40730228974476956,-0.2656638358335254,0.5874693386318703,-0.19888093787537398,0.18181827438606607,-0.15209621540469098,0.07412167795355266,-0.21796176586341723,0.3289608132938612,-0.33097897779259655,0.24713341634513722,-0.36088450627385665,-0.5981105696252021,-0.327859996294551,-0.6280160981064623,-0.532611958166246,-0.45115150021729206,0.3295112217935163,0.2119072723672112,0.07907535445044851,0.2511697453426079,-0.23924422785008087,-0.6714983695792147,-0.1750299028903199,-0.08237780544837907,-0.19796359037594882,-0.36602165227063754,0.03999635097493683,-0.42399801423430744,-0.07192004395493229,-0.2786901703253626,0.06311350796045079,0.44784904921936153,0.3249244842963905,0.41280637474132054,0.2528209708415732,0.03779471697631646,0.46454477370889935,0.17246132989192947,-0.44638129322028125,-0.33923510528742296,-0.42399801423430744,-0.33905163578753794,-0.40693535074499954,-0.6111369041170394
fruit_Acidity,-0.05044231856069483,-0.12426483587032486,-0.05045156639624063,-0.03019175271516041,0.36322956964983827,-0.06829963571539337,0.021723334270664196,0.2920003691009534,0.025957543492912304,0.1555611649043326,0.01914598952668709,-0.1389925201216226,-0.1196624345417943,0.01335553411890348,0.20342613872105034,-0.06351895961949833,0.22993597037338628,0.18854583284435752,0.15023682547075864,0.07225115904271968,0.18928813927287863,0.34999867314975747,0.24726366019996018,0.06242000368002033,0.055351307444029996,0.3275970653092338,0.04963591898624755,0.20261796546358582,1.0,-0.21263094137811142,-0.03700330668138562,-0.23122464274537485,-0.11248268846928665,0.13254915826167984,-0.17892029539077092,-0.1456199780347066,0.07743396522016721,0.06674070335642984,-0.03426426178364415,0.12831914236484854,0.004056064844865902,-0.11615094783025082,-0.16087278106508876,-0.015532544378698224,-0.1787827260104045,-0.23746416000851278,-0.23525176100222228,0.026693927705477193,0.00276144079711833,-0.12021472270121797,-0.19580409726184486,0.1997442176582259,0.13365373458052718,-0.25129111253776804,-0.25018653621892073,0.09720271605856522,-0.07511118968161858,0.1463563622472715,-0.12592170034859584,0.23766800460531762,0.012702627666744319,0.19072351105430602,-0.15335201226663794,0.12223977928577141,-0.053940143570378046,-0.14267444118444705,-0.002025056584553442,-0.2577344743977108,-0.22183574403517253,-0.25460484149431006,-0.012518531613603097,0.2141037098032412,-0.14580407408784785,-0.02080285400495809,-0.013070819773026763,0.42360501827795183,-0.18777797420404646,-0.12279206744519508,0.05927892911147349,0.24540003883724895,-0.10511884634363777,-0.1187419542760882,0.09830729237741255,-0.06903601992795826,-0.2691484296924666,0.0911275463049049,0.12518531613603096,0.12757856482686686,-0.025957543492912304,0.08431599233867969,-0.006259265806801548,0.016200452676427536,0.2393248690835886,-0.23122464274537485,-0.18207099655666856,-0.17525944259044335,-0.21263094137811142,-0.18262328471609224,-0.2266222414168443,-0.03700330668138562
fruit_GA,0.37976539589442815,0.34457478005865105,0.400183324781011,0.4772727272727273,-0.46447486170604513,0.49523460410557185,0.42558651026392963,-0.4343065239992839,0.35043988269794724,0.1495601173020528,-0.2958211143695015,0.4189882697947214,0.4706744868035191,0.1973407100743375,0.2631964809384164,0.08248556537255311,0.312316715542522,-0.37980295566502464,-0.47159754764702416,-0.42758620689655175,-0.3566502463054187,0.022179452022397614,-0.2991476504177926,0.4007332789607375,-0.47863568585849686,0.00282258064516129,-0.01975806451612903,-0.42399801423430744,-0.21263094137811142,1.0,0.626466275659824,0.2558651026392962,0.5043988269794721,0.28079178885630496,0.42926775477238505,0.4596774193548387,0.031571252834185985,0.07488994858341791,0.1569207487820363,-0.21879612429273076,0.23274621275434781,-0.3039650854268139,-0.0044183052753893285,-0.4057477011232533,0.03600302648073199,0.13362716315864764,0.011013227732855575,0.3775659824046921,0.03482404692082111,0.39002932551319647,0.07845293773211717,-0.4270527859237537,-0.10117302052785923,0.08541055718475073,0.532258064516129,-0.2903225806451613,0.2895894428152493,-0.3405425219941349,0.24853372434017595,-0.4560117302052786,0.3255131964809384,0.2628299120234604,0.0718475073313783,-0.1528592375366569,0.25769794721407624,-0.04398826979472141,0.41972140762463345,0.3662023460410557,0.4402492668621701,0.4281524926686217,0.3559384164222874,-0.04838709677419355,-0.07624633431085044,-0.41275659824046923,-0.16495601173020527,-0.40762463343108507,0.5190615835777126,0.5128299120234604,0.033357771260997066,-0.12683284457478006,0.19904692082111436,0.1693548387096774,-0.07844574780058651,0.45821114369501464,0.028958944281524925,0.32331378299120234,-0.18621700879765396,-0.46187683284457476,-0.09970674486803519,-0.4406158357771261,-0.07917888563049853,0.03519061583577713,-0.2789589442815249,0.2558651026392962,0.16385630498533724,0.3874633431085044,1.0,0.16642228739002932,0.4006598240469208,0.626466275659824
fruit_GGA,0.2631964809384164,0.1466275659824047,0.34207149978990675,0.38673020527859236,-0.42314032108184624,0.3680351906158358,0.2587976539589443,-0.40550947437010265,0.1528592375366569,-0.016129032258064516,-0.4875366568914956,0.23240469208211142,0.40725806451612906,0.032645582149843935,-0.006598240469208211,-0.19429933176645844,0.027126099706744868,-0.43645320197044335,-0.49940209682140513,-0.5788177339901478,-0.4246305418719212,-0.2305929805303818,-0.197782055637744,0.1862511488673876,-0.41500097973094957,0.029838709677419355,0.0012096774193548388,-0.6111369041170394,-0.03700330668138562,0.626466275659824,1.0,-0.4846041055718475,0.35667155425219943,0.18511730205278593,0.4316039058187654,0.3086510263929619,0.10279012550665204,-0.01248165809723632,0.0409358475083573,-0.12041128987922096,0.05139506275332602,-0.3325994775322384,-0.16421367940197004,-0.3652465694321845,-0.03343138173210828,-0.18061693481883143,-0.15345097307778768,0.4219208211143695,-0.32038123167155425,0.3086510263929619,0.3935477974552701,-0.17302052785923755,-0.2998533724340176,0.013196480938416423,0.4112903225806452,-0.01722873900293255,0.2785923753665689,-0.37023460410557185,0.05865102639296188,-0.218475073313783,0.06928152492668621,0.13636363636363635,-0.22434017595307917,-0.14039589442815248,0.1631231671554252,-0.25769794721407624,0.2529325513196481,0.4633431085043988,0.17118768328445746,0.31048387096774194,0.3918621700879765,0.18475073313782991,-0.28519061583577715,-0.06634897360703812,-0.3035190615835777,-0.050953079178885634,0.3225806451612903,0.5098973607038123,0.3346774193548387,0.062316715542521994,0.06085043988269795,0.3555718475073314,-0.12133431085043989,0.24413489736070382,-0.08101173020527859,0.3618035190615836,-0.2719941348973607,-0.38892961876832843,-0.19464809384164222,-0.34017595307917886,-0.1374633431085044,-0.006231671554252199,-0.2587976539589443,-0.4846041055718475,0.2958211143695015,0.29508797653958946,0.626466275659824,0.24303519061583578,0.32697947214076245,1.0
fruit_CSI,0.015029325513196481,0.1187683284457478,-0.06819431828609074,-0.051319648093841645,-0.07659623404768606,-0.0032991202346041057,0.11986803519061584,-0.04290172699857608,0.06378299120234604,0.04875366568914956,0.18328445747800587,0.1495601173020528,-0.0344574780058651,0.11884459119718467,0.2532991202346041,0.17541930235896294,0.21407624633431085,0.08029556650246306,0.016466771841138223,0.22758620689655173,0.09359605911330049,0.08010264903956824,-0.03812666132775788,0.09220898413414957,0.019438843946743552,-0.10766129032258065,-0.12862903225806452,0.17246132989192947,-0.23122464274537485,0.2558651026392962,-0.4846041055718475,1.0,0.14552785923753667,0.12939882697947214,0.039325209280735504,0.15542521994134897,-0.0007342151821903717,0.1710721374503566,0.19103395503900072,-0.12628501133674394,0.19309859291606776,0.06093986012180085,0.20766034794329843,0.0022091526376946643,0.2637772756445466,0.37004445182394735,0.15932469453531065,-0.0905425219941349,0.4501466275659824,0.019428152492668622,-0.4129777306319159,-0.21407624633431085,0.23497067448680353,0.11730205278592376,0.11546920821114369,-0.4281524926686217,0.015029325513196481,0.07881231671554252,0.14772727272727273,-0.12316715542521994,0.23057184750733137,0.17045454545454544,0.3255131964809384,0.047653958944281524,0.056085043988269793,0.35410557184750735,0.18035190615835778,-0.00036656891495601173,0.2434017595307918,0.2595307917888563,-0.09127565982404692,-0.22250733137829912,0.3420087976539589,-0.49450146627565983,0.17668621700879766,-0.3376099706744868,0.1781524926686217,0.009897360703812317,-0.39589442815249265,-0.218475073313783,0.09640762463343108,-0.14442815249266863,0.020894428152492667,0.2404692082111437,0.03848973607038123,-0.022727272727272728,0.19648093841642228,0.005131964809384164,0.06964809384164222,-0.06158357771260997,0.0656158357771261,0.07038123167155426,-0.021994134897360705,1.0,-0.18695014662756598,0.03848973607038123,0.2558651026392962,-0.12573313782991202,0.030791788856304986,-0.4846041055718475
yield_Com Ton/ha,0.6946480938416423,0.6059384164222874,0.8153987304745474,0.7470674486803519,-0.7832013905950098,0.7558651026392962,0.6689882697947214,-0.7573428154177859,0.5157624633431085,0.22947214076246333,-0.5626832844574781,0.7210410557184751,0.8284457478005866,0.4687758875000062,-0.11950146627565983,-0.006415543973420797,-0.02932551319648094,-0.7438423645320197,-0.8028226140253291,-0.6945812807881774,-0.7374384236453202,0.0058656402042704435,-0.04600861535224629,0.43189734914524136,-0.24922065022287251,-0.33588709677419354,-0.15120967741935484,-0.6705810220797895,-0.11248268846928665,0.5043988269794721,0.35667155425219943,0.14552785923753667,1.0,0.04105571847507331,0.6251150841606025,0.9761730205278593,0.08590317631627349,0.033773898380757096,-0.0409358475083573,0.11600599878607873,-0.013215873279426691,-0.02202645546571115,-0.13328554247424473,0.05817435279262616,0.051432894972474275,0.02129224028352078,0.028634392105424497,0.5439882697947214,-0.2763929618768328,0.5971407624633431,0.3673357177924365,-0.4475806451612903,-0.6198680351906158,-0.09640762463343108,0.7939882697947214,-0.48203812316715544,0.23387096774193547,-0.6271994134897361,0.5153958944281525,-0.250366568914956,0.3903958944281525,-0.14186217008797655,0.30498533724340177,-0.4706744868035191,0.5755131964809385,-0.12463343108504399,0.5098973607038123,0.656158357771261,0.4560117302052786,0.8053519061583577,0.7686950146627566,0.45857771260997066,-0.2635630498533724,-0.14736070381231672,-0.2056451612903226,-0.2785923753665689,0.5582844574780058,0.8526392961876833,-0.05461876832844575,0.018328445747800588,0.30791788856304986,0.5351906158357771,-0.15359237536656892,0.7456011730205279,0.04875366568914956,0.2595307917888563,-0.28555718475073316,-0.6466275659824047,-0.4831378299120235,-0.5791788856304986,-0.45784457478005863,0.20234604105571846,-0.5714809384164223,0.14552785923753667,0.25806451612903225,0.6741202346041055,0.5043988269794721,0.10153958944281524,0.7331378299120235,0.35667155425219943
yield_No com Ton/ha,-0.09274193548387097,-0.13379765395894427,-0.1312557308947338,-0.08797653958944282,-0.085607555700355,-0.04105571847507331,0.010997067448680353,-0.12909697758932254,-0.18291788856304986,-0.28262463343108507,-0.21114369501466276,-0.016129032258064516,-0.08834310850439883,-0.06290693638986782,0.28812316715542524,0.08303546914170347,0.2280058651026393,-0.19064039408866995,-0.2542901487598722,-0.28866995073891627,-0.1935960591133005,-0.12941068700671665,-0.06580515104165903,0.11494042356284649,-0.17715021936371952,0.14677419354838708,0.12903225806451613,-0.04898635646930337,0.13254915826167984,0.28079178885630496,0.18511730205278593,0.12939882697947214,0.04105571847507331,1.0,0.06385479526772894,0.08174486803519061,0.23715150384749006,-0.006607936639713346,0.15009810753064343,-0.2577095289488205,0.36931023664175694,-0.306167730973385,0.1597953741265807,-0.2997083745139094,0.16311575262698985,0.41630000830194075,0.27165961741043754,0.11510263929618768,0.14186217008797655,0.14002932551319647,-0.1966822480994433,-0.01063049853372434,0.21407624633431085,-0.14149560117302054,0.10667155425219942,0.19868035190615835,0.31158357771260997,-0.09934017595307917,-0.041788856304985335,-0.3790322580645161,0.13013196480938416,0.3218475073313783,-0.050586510263929615,0.0373900293255132,0.06964809384164222,-0.1968475073313783,0.21041055718475074,0.05865102639296188,0.187316715542522,0.04948680351906158,-0.14149560117302054,0.05571847507331378,-0.23020527859237536,-0.15029325513196481,-0.44538123167155425,-0.06708211143695014,0.10153958944281524,-0.005131964809384164,-0.03995601173020528,0.028225806451612902,-0.08760997067448681,-0.0872434017595308,-0.08284457478005865,0.17631964809384165,-0.030058651026392963,0.24486803519061584,0.013929618768328446,-0.29802052785923755,0.11656891495601172,-0.37683284457478006,0.15029325513196481,-0.08687683284457479,0.09164222873900293,0.12939882697947214,0.06781524926686217,0.056451612903225805,0.28079178885630496,0.1279325513196481,0.01906158357771261,0.18511730205278593
yield_Nº de plantes,0.5297222497667391,0.4763801342077217,0.5747011612279685,0.5622336851621986,-0.7012204864728502,0.6101247816129953,0.6761210486732396,-0.6254803508419547,0.36190873293508563,0.1886441969952114,-0.6708647088188838,0.6134343289287009,0.6332916128229337,0.12399291152135784,-0.1757953662401196,-0.23139749997296868,-0.11018845768760542,-0.5891585012945015,-0.7598523450837052,-0.5557999949795654,-0.5786518851323169,-0.15614707192117872,-0.22837969496701074,0.22723234123430094,-0.30834685106251986,-0.21430110998781493,-0.07315499738539867,-0.5153490540524936,-0.17892029539077092,0.42926775477238505,0.4316039058187654,0.039325209280735504,0.6251150841606025,0.06385479526772894,1.0,0.5199882870734878,0.050690987538060533,0.014037504241309071,0.054351036899950016,-0.0752566199603514,-0.10567121248318773,-0.10684100450329681,-0.07587002689794439,-0.14157190586111273,0.12174792355955688,0.09397329228209683,0.030024661849466623,0.22816408552981193,-0.20772276387398406,0.43355069835741566,0.1697758687222791,-0.6476978776089456,-0.48436198361618776,-0.1158341560496912,0.6239470086374123,-0.2579500113711611,0.3068145040912829,-0.5328371178285796,0.357236430842325,-0.28403703138907477,0.029980605095214195,-0.030564642856809276,0.09403007961680816,-0.47715885122318175,0.4086317538626922,-0.004477622838895626,0.5449072315682113,0.49331722929397903,0.39130530026870475,0.6013642151890691,0.6741742561345894,0.13977970427508957,-0.2778072952653939,-0.09227796633202291,-0.34107805277152775,-0.24880008643950483,0.364634242489196,0.7101899180996194,0.0893577775240475,-0.3136282779765589,0.0864375887160721,0.3352376751555769,-0.33913126023287743,0.5750825159172904,0.12303728844269722,0.3480865059106687,-0.40337541400833643,-0.5863739126414621,-0.2772232575037988,-0.5340051933517698,-0.25483514330932067,0.21979287761361577,-0.34925458143385885,0.039325209280735504,0.1843612534101808,0.6142130459441609,0.42926775477238505,0.018689208371042616,0.6311501410304183,0.4316039058187654
yield_g/planta,0.6268328445747801,0.5395894428152492,0.7635197195203439,0.6891495601173021,-0.7953470849964333,0.7104105571847508,0.6114369501466276,-0.8012240339003478,0.43291788856304986,0.1187683284457478,-0.5733137829912024,0.6653225806451613,0.7983870967741935,0.4786796034331049,-0.09934017595307917,0.0406928789171262,-0.0186950146627566,-0.7699507389162562,-0.8076816614538617,-0.729064039408867,-0.7689655172413793,-0.029511502277735666,-0.033727431174555046,0.4218148558502548,-0.17311574231816898,-0.3040322580645161,-0.1596774193548387,-0.6447118225960001,-0.1456199780347066,0.4596774193548387,0.3086510263929619,0.15542521994134897,0.9761730205278593,0.08174486803519061,0.5199882870734878,1.0,0.11013227732855575,0.015418518825997806,-0.06822641251392883,0.14757725162026472,0.036710759109518584,0.016152734008188178,-0.06406542649314526,0.09646633184600034,0.051432894972474275,0.059471429757420105,0.07635837894779865,0.5641495601173021,-0.32954545454545453,0.6268328445747801,0.4336907726032459,-0.4252199413489736,-0.6455278592375366,-0.12023460410557185,0.7727272727272727,-0.43585043988269795,0.2624633431085044,-0.6169354838709677,0.5263929618768328,-0.2994868035190616,0.39332844574780057,-0.16129032258064516,0.3053519061583578,-0.4530791788856305,0.5810117302052786,-0.12939882697947214,0.4534457478005865,0.6744868035190615,0.41715542521994137,0.8225806451612904,0.7525659824046921,0.437683284457478,-0.25219941348973607,-0.09457478005865103,-0.17925219941348974,-0.3035190615835777,0.5428885630498533,0.8016862170087976,-0.07881231671554252,0.04435483870967742,0.36436950146627567,0.5293255131964809,-0.17155425219941348,0.7459677419354839,0.045087976539589444,0.22140762463343108,-0.22690615835777125,-0.6433284457478006,-0.532991202346041,-0.5978739002932552,-0.5084310850439883,0.23570381231671556,-0.594208211143695,0.15542521994134897,0.23863636363636365,0.6895161290322581,0.4596774193548387,0.08431085043988269,0.7393695014662757,0.3086510263929619
soil_Densidad ap,-0.1842880107297833,-0.24522787085158415,-0.041857937997507984,-0.1820853651832122,-0.11535746855442798,-0.2709254022282472,-0.22466984575025373,-0.10515578766185953,-0.2856097058720546,-0.27165961741043754,-0.09251111295598684,-0.10279012550665204,-0.13656402388740913,-0.22371207935197174,-0.26872275668167606,-0.1171180550107923,-0.30690194615557537,0.007401020986994694,-0.024469417267517862,0.09942038192529538,0.008634524484827143,-0.24928890079099678,0.19605342124063665,-0.28345901871996637,0.07566578029472294,0.04866234757217534,0.01090359655144178,-0.07937529546643625,0.07743396522016721,0.031571252834185985,0.10279012550665204,-0.0007342151821903717,0.08590317631627349,0.23715150384749006,0.050690987538060533,0.11013227732855575,1.0,-0.46176470588235297,-0.5602787088220383,0.47941176470588237,0.2088235294117647,-0.10294117647058823,0.11799461366882623,-0.09439569093506098,0.30316417331820905,0.24705882352941178,0.17352941176470588,0.27900176923234127,-0.16813527672159512,-0.016886949190378548,0.010647095910072027,-0.12922187206550542,0.13509559352302838,-0.0044052910931422305,-0.11820864433264984,-0.0014684303643807434,-0.016152734008188178,0.34361270526509397,0.016886949190378548,0.07488994858341791,-0.023494885830091895,0.6035248797604855,-0.04625555647799342,0.3392074141719517,-0.06240829048618159,0.011013227732855575,0.17841428927226033,-0.07415573340122754,-0.17841428927226033,0.016152734008188178,-0.027165961741043753,0.06093986012180085,0.09691640404912906,0.06534515121494308,-0.13362716315864764,0.02569753137666301,-0.04845820202456453,-0.16152734008188177,0.013950088461617062,0.11527178360388836,-0.12408236579017282,0.23054356720777672,-0.20925132692425594,0.053597708299897136,0.04331869574923193,0.41923686903070223,0.07121887267246606,0.05139506275332602,0.2077828965598752,0.02496331619447264,0.2202645546571115,0.1218797202436017,-0.16005890971750103,-0.0007342151821903717,-0.3788550340102318,0.19309859291606776,0.031571252834185985,-0.34875221154042657,0.15491940344216842,0.10279012550665204
soil_C org,0.0007342151821903717,0.038179189473899325,-0.007710672789014629,-0.07415573340122754,0.007847446840437278,-0.015418518825997806,0.022760670647901524,0.0023542340521311832,0.09324532813817721,0.11380335323950762,-0.10572698623541353,0.013215873279426691,-0.032305468016376356,-0.14914138623464782,0.12922187206550542,-0.08223963737434946,0.1585904793531203,-0.017762450368787264,-0.0647560821610003,-0.05748126299899212,-0.018009151068353754,0.06204686926904043,-0.09692528690548328,-0.02349919326175887,-0.2078972410039475,0.013932373371286718,-0.06703692694590131,-0.018741389207353003,0.06674070335642984,0.07488994858341791,-0.01248165809723632,0.1710721374503566,0.033773898380757096,-0.006607936639713346,0.014037504241309071,0.015418518825997806,-0.46176470588235297,1.0,0.8609160647753272,-0.39705882352941174,-0.14705882352941177,-0.36470588235294116,-0.46017899330842227,-0.265487880754859,0.3605593323444719,-0.22647058823529412,-0.40588235294117647,-0.40969207166222743,0.16005890971750103,0.04038183502047044,-0.16925211084631742,-0.280470199596722,0.05139506275332602,0.07048465749027569,-0.06020564493961048,-0.19897231437359073,0.07121887267246606,-0.1116007076929365,-0.3274599712569058,-0.2878123514186257,-0.09765061923131943,-0.36123386963766285,-0.055066138664277876,-0.12775344170112468,-0.24743051639815525,-0.24229101012282267,0.09618218886693869,0.028634392105424497,0.04331869574923193,0.02496331619447264,-0.011013227732855575,-0.12995608724769578,0.14684303643807434,-0.09985326477789055,0.04845820202456453,-0.038179189473899325,-0.12261393542579208,0.054331923482087506,0.01248165809723632,-0.09471375850255795,-0.10939806214636538,-0.3245231105281443,0.10499277105322315,0.2437594404872034,0.0007342151821903717,-0.16079312489969141,-0.1013216951422713,-0.017621164372568922,0.04038183502047044,-0.02202645546571115,0.06607936639713345,0.1556536186243588,0.008076367004094089,0.1710721374503566,0.16813527672159512,-0.1527167578955973,0.07488994858341791,0.06607936639713345,-0.10425855587103278,-0.01248165809723632
soil_N,-0.006822641251392883,0.07504905376532171,-0.07847475891298171,-0.08869433626810748,-0.0328148233973852,-0.013645282502785766,0.034113206256964415,-0.010938274465795067,0.04775848875975018,0.07504905376532171,-0.09551697751950036,0.027290565005571532,-0.0409358475083573,-0.0785107548595162,0.17056603128482206,0.05799776592493433,0.19103395503900072,-0.04972451580988469,-0.06812166316424002,-0.11602387022306428,-0.041437096508237244,0.03752796618672221,-0.23881433027914134,0.04435529851603314,-0.29012182152784477,0.050729965619589236,0.03623568972827803,-0.0375624113212674,-0.03426426178364415,0.1569207487820363,0.0409358475083573,0.19103395503900072,-0.0409358475083573,0.15009810753064343,0.054351036899950016,-0.06822641251392883,-0.5602787088220383,0.8609160647753272,1.0,-0.8062547273292747,-0.04099600308453939,-0.2596413528687495,-0.3152312084095262,-0.2055855707018649,0.19145550896473018,-0.1776493466996707,-0.28697202159177576,-0.2729056500557153,0.21150187879317936,0.06140377126253595,-0.3309284291010959,-0.13645282502785766,0.10916226002228613,0.034113206256964415,0.06822641251392883,-0.13645282502785766,0.21832452004457226,-0.1978565962903936,-0.21832452004457226,-0.347954703821037,0.013645282502785766,-0.293373573809894,0.02046792375417865,-0.1569207487820363,-0.10233961877089325,-0.17738867253621496,0.12963018377646476,0.10233961877089325,0.15009810753064343,0.02046792375417865,-0.027290565005571532,-0.1228075425250719,0.0818716950167146,-0.10233961877089325,0.0,-0.034113206256964415,-0.027290565005571532,0.04775848875975018,-0.034113206256964415,-0.1228075425250719,-0.04775848875975018,-0.2729056500557153,0.11598490127367901,0.17056603128482206,-0.04775848875975018,-0.054581130011143064,-0.04775848875975018,-0.1569207487820363,0.09551697751950036,-0.17056603128482206,0.11598490127367901,0.006822641251392883,-0.02046792375417865,0.19103395503900072,0.17738867253621496,-0.09551697751950036,0.1569207487820363,0.17056603128482206,-0.006822641251392883,0.0409358475083573
soil_C:N,0.005139506275332602,-0.09838483441350981,0.1266753386766689,0.06607936639713345,0.061994830039454496,0.0007342151821903717,-0.04552134129580305,0.026681319257486746,0.019089594736949662,-0.01248165809723632,0.0440529109314223,-0.035976543927328214,0.029368607287614867,-0.03783636153243528,-0.18649065627635442,-0.21551190686938898,-0.19089594736949664,0.04687313291763306,0.02987702329348866,0.1305046700706731,0.029850784647545266,-0.016521355722525558,0.32895854949739783,-0.13144861230796367,0.2894399751079693,-0.07289256213093485,-0.11913188824723425,0.0429949517109863,0.12831914236484854,-0.21879612429273076,-0.12041128987922096,-0.12628501133674394,0.11600599878607873,-0.2577095289488205,-0.0752566199603514,0.14757725162026472,0.47941176470588237,-0.39705882352941174,-0.8062547273292747,1.0,-0.08529411764705883,0.029411764705882353,0.05604744149269246,0.05604744149269246,0.09713026912136795,0.10294117647058823,0.1,0.005873721457522974,-0.17400899817911808,-0.056534569028658624,0.3744840630439127,-0.07488994858341791,-0.1321587327942669,0.011013227732855575,-0.18649065627635442,0.01248165809723632,-0.29001499696519684,0.21659347874615964,0.02496331619447264,0.280470199596722,-0.16226155526407215,0.09471375850255795,-0.06534515121494308,0.12408236579017282,-0.08590317631627349,0.03083703765199561,-0.10499277105322315,-0.15418518825997807,-0.1945670232804485,-0.01248165809723632,0.02569753137666301,0.08663739149846386,0.027165961741043753,0.06093986012180085,0.0440529109314223,0.0,-0.11820864433264984,-0.03083703765199561,0.10058747996008092,0.11527178360388836,-0.027165961741043753,0.1064612014176039,-0.07195308785465643,-0.020558025101330406,0.1218797202436017,-0.0910426825916061,-0.017621164372568922,0.26505168077072416,-0.12848765688331504,0.280470199596722,-0.13803245425178987,0.1505141123490262,0.036710759109518584,-0.12628501133674394,-0.11086649251074612,-0.011013227732855575,-0.21879612429273076,-0.2151250483817789,-0.11086649251074612,-0.12041128987922096
soil_Microbial_biomass_C_sinincubar,-0.20411182064892333,-0.2129224028352078,-0.1641271779375971,-0.15418518825997807,-0.047084681042623665,-0.1218797202436017,-0.10572698623541353,-0.06356431940754195,-0.3105730220665272,-0.29221764251176796,0.007342151821903717,-0.14757725162026472,-0.09691640404912906,0.07383600648562615,0.22980935202558633,0.17439208818221424,0.18795908664073516,-0.043419323123702204,0.02149523395323392,-0.0772173189643113,-0.04563962941980061,-0.03194128773021608,-0.10867380653039035,-0.04112358820807802,0.004407715356974152,0.32084842444890715,0.4046445831312838,0.05071199432577871,0.004056064844865902,0.23274621275434781,0.05139506275332602,0.19309859291606776,-0.013215873279426691,0.36931023664175694,-0.10567121248318773,0.036710759109518584,0.2088235294117647,-0.14705882352941177,-0.04099600308453939,-0.08529411764705883,1.0,0.18235294117647058,0.6696194325705889,0.20354070857872525,-0.32082422224936685,0.2911764705882353,0.2,0.1505141123490262,-0.037444974291708955,-0.018355379554759292,-0.10610381786244193,0.16152734008188177,0.16960370708597586,0.10058747996008092,0.035976543927328214,0.1270192265189343,0.13436137834083803,0.2466963012159649,0.3274599712569058,-0.08737160668065423,0.13436137834083803,0.04845820202456453,0.09618218886693869,0.4434659700429845,0.30690194615557537,-0.2209987698393019,-0.12775344170112468,0.16813527672159512,0.019089594736949662,0.07121887267246606,-0.1762116437256892,0.09397954332036758,-0.18061693481883143,-0.1945670232804485,-0.14096931498055137,0.11013227732855575,0.04845820202456453,-0.14243774534493212,-0.16519841599283364,0.31277566761309833,0.16446420081064325,-0.1064612014176039,-0.09985326477789055,0.09324532813817721,-0.036710759109518584,0.19603545364482924,0.08737160668065423,-0.08149788522313126,0.04478712611361267,-0.12848765688331504,0.02496331619447264,-0.3472837811760458,0.02202645546571115,0.19309859291606776,0.053597708299897136,0.11086649251074612,0.23274621275434781,0.18281958036540255,0.04772398684237416,0.05139506275332602
soil_Microbial_biomass_C_incubado,0.06534515121494308,0.09397954332036758,-0.07600520320600135,0.011747442915045947,0.007847446840437278,0.04698977166018379,0.1167402139682691,-0.056501617251148405,-0.14977989716683582,-0.10939806214636538,0.21659347874615964,0.037444974291708955,0.1013216951422713,0.3989348410118905,0.0044052910931422305,0.32455285463805766,-0.010279012550665203,0.06907619587861714,0.2177913326959739,0.09300616373656664,0.07080310077558256,0.2606702791776255,-0.060578304315927055,0.20488359125096015,0.20275490642081098,-0.08864220159412854,-0.04603740766164307,0.22930640912526026,-0.11615094783025082,-0.3039650854268139,-0.3325994775322384,0.06093986012180085,-0.02202645546571115,-0.306167730973385,-0.10684100450329681,0.016152734008188178,-0.10294117647058823,-0.36470588235294116,-0.2596413528687495,0.029411764705882353,0.18235294117647058,1.0,0.44542966659981903,0.9292075826420065,-0.5106697482593133,-0.1264705882352941,0.07941176470588235,0.2334804279365382,-0.13656402388740913,0.0389134046560897,0.2228547316349559,0.26505168077072416,-0.2466963012159649,-0.18355379554759294,0.0881058218628446,0.08149788522313126,-0.3142440979774791,0.0389134046560897,0.2672543263172953,0.3274599712569058,0.20851711174206555,-0.2261382761146345,-0.054331923482087506,-0.09177689777379647,0.19163016255168702,0.3524232874513784,-0.4368580334032712,0.12775344170112468,-0.09471375850255795,0.15638783380654916,0.16152734008188177,0.082966315587512,-0.10279012550665204,0.16152734008188177,-0.008076367004094089,0.2973571487871005,0.21953033947492115,-0.09618218886693869,-0.3942735528362296,-0.005873721457522974,-0.06975044230808532,0.21659347874615964,-0.13436137834083803,-0.21585926356396928,-0.16226155526407215,-0.02129224028352078,-0.035976543927328214,0.13656402388740913,-0.19603545364482924,0.11527178360388836,-0.21732769392835002,0.1321587327942669,-0.07929523967656014,0.06093986012180085,-0.19530123846263886,0.14610882125588398,-0.3039650854268139,-0.2261382761146345,0.14170353016274173,-0.3325994775322384
soil_N_microbiano_sinincubar,-0.15611345306375626,-0.18115051629096246,-0.23458137076208233,-0.11193040030986298,-0.011805944842356607,-0.05891073700519105,-0.03534644220311463,-0.0700486060646492,-0.2997083745139094,-0.3122269061275125,0.1178214740103821,-0.08910248972035145,-0.08247503180726747,0.29695339309892976,0.17452305837787846,0.22645889951299406,0.13696746353706918,0.07182774072255461,0.08292969910576879,0.03492314290303517,0.06018669308820955,0.041241295521065584,0.0865330754236644,0.13920213210057633,-0.019156525704423027,0.11283425736103377,0.05388494157636442,0.22040117025415976,-0.16087278106508876,-0.0044183052753893285,-0.16421367940197004,0.20766034794329843,-0.13328554247424473,0.1597953741265807,-0.07587002689794439,-0.06406542649314526,0.11799461366882623,-0.46017899330842227,-0.3152312084095262,0.05604744149269246,0.6696194325705889,0.44542966659981903,1.0,0.3431952662721893,-0.3114398777147191,0.29793639951378625,0.2507385540462557,0.16863198467735938,0.03240090535285507,-0.0029455368502595523,0.09831630271539742,0.20692396373073355,0.06995650019366437,0.01104576318847332,0.03313728956541996,0.08836610550778656,0.11340316873499276,0.20545119530560377,0.3335820482918943,0.06995650019366437,-0.09057525814548123,-0.10309378975908433,0.0677473475559697,0.2525797849097566,0.31149052191494764,0.21870611113177174,-0.23785210065845885,0.05228327909210705,0.11855785822294698,0.05301966330467194,-0.07437480546905369,-0.1664228320396647,0.009572994763343544,-0.105302942396779,-0.1782049794407029,0.09572994763343545,-0.050074126454412386,-0.19072351105430602,-0.15832260570145093,-0.025037063227206193,0.28866261132543614,0.007363842125648881,0.015464068463862649,-0.08173864759470258,0.19366904790456554,0.07584757389418346,0.07437480546905369,0.019882373739251977,-0.08910248972035145,-0.05743796858006127,-0.12739446877372562,-0.2393248690835886,0.051546894879542164,0.20766034794329843,-0.12518531613603096,0.10603932660934388,-0.0044183052753893285,-0.0014727684251297762,0.03755559484080929,-0.16421367940197004
soil_N_microbiano_incubado,0.039764747478503955,0.06111988964288571,-0.033879884003314875,-0.021355142164381752,0.004722377936942643,-0.005154689487954217,0.061856273855450596,-0.025973078653184534,-0.17673221101557313,-0.10898486345960343,0.18704158999148157,-0.007363842125648881,0.06553819491827503,0.3352699599504046,-0.09131164235804612,0.22830002877732733,-0.10162102133395455,0.02274710733351702,0.17844270393451184,0.05167549383375062,0.018543837500149745,0.17748486108172867,-0.06922646033893151,0.10090313279248125,0.2902950433670259,-0.027347620724846606,0.09885658454611217,0.12494313832133806,-0.015532544378698224,-0.4057477011232533,-0.3652465694321845,0.0022091526376946643,0.05817435279262616,-0.2997083745139094,-0.14157190586111273,0.09646633184600034,-0.09439569093506098,-0.265487880754859,-0.2055855707018649,0.05604744149269246,0.20354070857872525,0.9292075826420065,0.3431952662721893,1.0,-0.44428153171625806,-0.10324528696022295,0.044247980125809834,0.18409605314122202,-0.14948599515067226,0.03019175271516041,0.1866905074033951,0.3129632903400774,-0.3004447587264743,-0.11487593716012254,0.06332904228058037,0.07805672653187813,-0.23858848487102371,0.039028363265939066,0.3004447587264743,0.36082826415679514,0.25552532176001613,-0.3203271324657263,-0.020618757951816866,-0.04712858960415284,0.2400612532961535,0.18115051629096246,-0.45876736442792526,0.14359492145015318,-0.09499356342087056,0.15832260570145093,0.13328554247424473,0.3004447587264743,-0.18335966892865713,0.19293266369200068,0.0029455368502595523,0.36082826415679514,0.21134226900612288,-0.0861569528700919,-0.4374122222635435,0.20103289003021443,-0.04712858960415284,0.17525944259044335,-0.10677571082190877,-0.16568644782709982,-0.17525944259044335,-0.05228327909210705,-0.06038350543032082,0.105302942396779,-0.1848324373537869,0.09720271605856522,-0.19072351105430602,0.03019175271516041,-0.0677473475559697,0.0022091526376946643,-0.050810510666977275,0.12223977928577141,-0.4057477011232533,-0.09057525814548123,0.11929424243551186,-0.3652465694321845
soil_Respiracion_microb (ug C-CO2/gsuelo·dia),-0.22667211570011878,-0.23218278301859815,-0.1385268307466739,-0.2373260725158456,-0.14371398810869299,-0.2806766554212168,-0.24651051804664456,-0.07342763873313002,-0.17670873201257234,-0.22226358184533526,-0.1454816172078558,-0.12233681447024239,-0.2865547005609281,-0.42477765288697406,-0.3243946161478199,-0.3786175437250977,-0.3449677741368096,-0.030602231410734943,-0.08276705507331891,0.06293200814304363,-0.04220146428415867,-0.4008459390626702,0.16845816962441273,-0.3229843082926429,-0.0806838082281013,-0.03132270759916711,-0.24896500491725082,-0.12999917347827047,-0.1787827260104045,0.03600302648073199,-0.03343138173210828,0.2637772756445466,0.051432894972474275,0.16311575262698985,0.12174792355955688,0.051432894972474275,0.30316417331820905,0.3605593323444719,0.19145550896473018,0.09713026912136795,-0.32082422224936685,-0.5106697482593133,-0.3114398777147191,-0.44428153171625806,1.0,0.22222228238373576,-0.06033850051478918,-0.22520260441519094,0.22226358184533526,0.12160205882777847,-0.12951255134701306,-0.404482981176387,0.05694356229095366,0.06576063000052068,-0.15025752888387128,-0.36186715391347973,0.08486427670458255,0.10764170162096402,-0.34092661810325803,-0.08412952106211863,-0.2281416269850466,0.18221939933105172,-0.022777424916381465,0.018001513240365995,-0.3479067967066653,-0.05878045139711346,0.11168285765451556,-0.08486427670458255,-0.04959600586631448,-0.009551823352030937,-0.14511423938662385,-0.13335814910720115,0.2362239390521497,-0.13776668296198466,0.013592979385582488,-0.09478347787784545,-0.09772250044770112,-0.11645876933053104,-0.039676804693051584,-0.19030171139815483,-0.12417370357640217,-0.07053654167653615,-0.0646584965368248,0.18626055536460326,0.2119770028508404,0.13813406078321663,-0.05437191754232995,0.051800272793706234,0.13041912653734547,-0.009184445530798977,0.17230019815778883,0.19691451218033007,-0.07861885374363925,0.2637772756445466,0.08302738759842276,-0.10360054558741247,0.03600302648073199,-0.03306400391087632,-0.07641458681624749,-0.03343138173210828
soil_N _mineral _sinincubar,-0.17327478299692772,-0.1446403908915032,-0.07710672789014629,-0.10058747996008092,-0.013340659628743373,-0.027900176923234123,0.019823809919140036,-0.010201680892568461,-0.1762116437256892,-0.22687249129682485,0.1035243406888424,-0.055066138664277876,-0.12775344170112468,-0.036734331584888626,-0.026431746558853383,0.12225803234668914,-0.06240829048618159,0.08091782945780865,-0.04042185504413172,0.030837587445811224,0.06488228398598682,-0.11932090244046238,-0.19054630266646147,0.07563802831128637,0.04370984395666034,0.2845031026107679,0.4187788749572268,-0.1289848551329589,-0.23746416000851278,0.13362716315864764,-0.18061693481883143,0.37004445182394735,0.02129224028352078,0.41630000830194075,0.09397329228209683,0.059471429757420105,0.24705882352941178,-0.22647058823529412,-0.1776493466996707,0.10294117647058823,0.2911764705882353,-0.1264705882352941,0.29793639951378625,-0.10324528696022295,0.22222228238373576,1.0,0.8,-0.13436137834083803,0.306167730973385,-0.16005890971750103,-0.18393776037745124,-0.1762116437256892,0.10572698623541353,-0.04845820202456453,-0.011013227732855575,-0.028634392105424497,0.17033792226816624,0.19676966882701963,0.018355379554759292,-0.1762116437256892,-0.10279012550665204,0.23421464311872858,0.10792963178198464,0.24816473158034563,0.013950088461617062,0.17400899817911808,0.03964761983828007,-0.17254056781473734,0.2151250483817789,0.03083703765199561,-0.24229101012282267,-0.17180635263254698,0.05139506275332602,-0.3656391607308051,-0.034508113562947466,-0.31497831315966945,0.006607936639713346,-0.06828201194370456,-0.3348021230788095,0.036710759109518584,-0.12628501133674394,-0.29442028805833903,-0.11747442915045947,0.223201415385873,0.3237888953459539,0.005873721457522974,0.002936860728761487,0.06240829048618159,0.2657858959529146,-0.02129224028352078,0.28193862996110275,-0.04845820202456453,-0.07121887267246606,0.37004445182394735,0.08884003704503497,-0.022760670647901524,0.13362716315864764,0.07856102449436977,-0.02496331619447264,-0.18061693481883143
soil_N_mineral_incubado,-0.014684303643807434,0.03083703765199561,-0.006976322999584664,0.05139506275332602,-0.006277957472349822,0.09471375850255795,0.09324532813817721,0.029820297993661656,0.0,-0.10058747996008092,0.17033792226816624,0.04992663238894528,0.04331869574923193,0.07126460327468394,-0.14831146680245508,0.2669116802283574,-0.17400899817911808,-0.06216857629075542,-0.07584167451424044,-0.11027521270622094,-0.07327010777124747,0.01578707324596887,-0.21477762439283227,0.05691210868082226,0.12451795883451978,0.16214051908903238,0.4167596904106636,-0.205787803061131,-0.23525176100222228,0.011013227732855575,-0.15345097307778768,0.15932469453531065,0.028634392105424497,0.27165961741043754,0.030024661849466623,0.07635837894779865,0.17352941176470588,-0.40588235294117647,-0.28697202159177576,0.1,0.2,0.07941176470588235,0.2507385540462557,0.044247980125809834,-0.06033850051478918,0.8,1.0,0.09471375850255795,0.1997065295557811,-0.06607936639713345,-0.0818724961360711,0.07635837894779865,-0.016886949190378548,-0.1842880107297833,0.0726873030368468,0.017621164372568922,-0.032305468016376356,-0.006607936639713346,0.008810582186284461,-0.05580035384646825,-0.07195308785465643,0.17327478299692772,0.2254040609324441,0.027165961741043753,0.03083703765199561,0.1894275170051159,0.0389134046560897,-0.06754779676151419,0.16005890971750103,0.04478712611361267,-0.1167402139682691,-0.026431746558853383,-0.018355379554759292,-0.2283409216612056,-0.04111605020266081,-0.30029400951586205,-0.07562416376560828,-0.032305468016376356,-0.0440529109314223,-0.014684303643807434,-0.17180635263254698,-0.10792963178198464,-0.034508113562947466,0.05212927793551639,0.2694569718638664,0.024229101012282265,0.16005890971750103,0.09030846740941571,0.12041128987922096,0.02129224028352078,0.10719541659979427,-0.002936860728761487,-0.25844374413101084,0.15932469453531065,0.008076367004094089,-0.07562416376560828,0.011013227732855575,0.0022026455465711152,0.009544797368474831,-0.15345097307778768
leaf_iso_%N_March,0.3977272727272727,0.3229472140762463,0.3939505107441102,0.4772727272727273,-0.5011078432071123,0.41019061583577715,0.311950146627566,-0.5410710957537311,0.19648093841642228,-0.07331378299120235,-0.2903225806451613,0.4002932551319648,0.5267595307917888,0.4132050369865078,-0.18951612903225806,0.09018421814065807,-0.13379765395894427,-0.4807881773399015,-0.4008714128539387,-0.49507389162561577,-0.4660098522167488,-0.006598845229804248,0.073503803809764,0.2940421680937891,-0.18283516429154076,-0.27419354838709675,-0.17016129032258065,-0.44381272022189083,0.026693927705477193,0.3775659824046921,0.4219208211143695,-0.0905425219941349,0.5439882697947214,0.11510263929618768,0.22816408552981193,0.5641495601173021,0.27900176923234127,-0.40969207166222743,-0.2729056500557153,0.005873721457522974,0.1505141123490262,0.2334804279365382,0.16863198467735938,0.18409605314122202,-0.22520260441519094,-0.13436137834083803,0.09471375850255795,1.0,-0.37683284457478006,0.5252932551319648,0.3339748891306484,0.0032991202346041057,-0.41348973607038125,-0.22727272727272727,0.5454545454545454,-0.2595307917888563,0.12646627565982405,-0.44244868035190615,0.4314516129032258,-0.06964809384164222,0.3581378299120235,0.19978005865102638,0.08174486803519061,-0.35777126099706746,0.5120967741935484,0.1590909090909091,0.1495601173020528,0.593108504398827,0.14516129032258066,0.4908357771260997,0.46444281524926684,0.43621700879765396,-0.2895894428152493,-0.006964809384164223,-0.10153958944281524,-0.03702346041055719,0.4156891495601173,0.4629765395894428,-0.009164222873900294,-0.1348973607038123,0.21151026392961877,0.7712609970674487,-0.10373900293255132,0.25513196480938416,0.011363636363636364,0.5359237536656891,-0.01906158357771261,-0.4318181818181818,-0.3310117302052786,-0.4446480938416422,-0.29545454545454547,0.05241935483870968,-0.3390762463343108,-0.0905425219941349,-0.030058651026392963,0.48570381231671556,0.3775659824046921,-0.015029325513196481,0.5065982404692082,0.4219208211143695
leaf_iso_%N_May,-0.22947214076246333,-0.17631964809384165,-0.3767186131126787,-0.2602639296187683,0.4664338446740166,-0.2752932551319648,-0.16055718475073313,0.5541962816391403,0.02785923753665689,0.20491202346041057,0.532991202346041,-0.23936950146627567,-0.4083577712609971,-0.05116919898767673,0.125,0.0874346992949063,0.07331378299120235,0.5561576354679802,0.4019512011713904,0.5551724137931034,0.5655172413793104,0.2795344159847633,0.11346347770135638,-0.041246563479490364,-0.10507978850456655,0.1350806451612903,-0.13629032258064516,0.23190544785467962,0.00276144079711833,0.03482404692082111,-0.32038123167155425,0.4501466275659824,-0.2763929618768328,0.14186217008797655,-0.20772276387398406,-0.32954545454545453,-0.16813527672159512,0.16005890971750103,0.21150187879317936,-0.17400899817911808,-0.037444974291708955,-0.13656402388740913,0.03240090535285507,-0.14948599515067226,0.22226358184533526,0.306167730973385,0.1997065295557811,-0.37683284457478006,1.0,-0.2793255131964809,-0.6226743679345842,0.2661290322580645,0.5384897360703812,0.15139296187683285,-0.22250733137829912,-0.12353372434017595,-0.1744868035190616,0.23240469208211142,-0.4032258064516129,0.1744868035190616,-0.025293255131964808,0.21774193548387097,0.23570381231671556,0.2093108504398827,-0.4178885630498534,0.2283724340175953,-0.10703812316715543,-0.4303519061583578,0.21737536656891496,-0.35043988269794724,-0.47947214076246336,-0.25733137829912023,0.4094574780058651,-0.625,-0.026759530791788857,-0.1000733137829912,-0.1744868035190616,-0.3214809384164223,-0.13013196480938416,-0.08504398826979472,-0.08651026392961877,-0.34347507331378296,0.5351906158357771,-0.2796920821114369,-0.06304985337243402,-0.10263929618768329,0.20857771260997068,0.32001466275659823,0.42631964809384165,0.31158357771260997,0.44538123167155425,-0.19318181818181818,0.21444281524926687,0.4501466275659824,-0.062316715542521994,-0.5762463343108505,0.03482404692082111,0.0469208211143695,-0.4959677419354839,-0.32038123167155425
leaf_iso_d13C_March,0.46884164222873903,0.4175219941348974,0.4581118317122063,0.499633431085044,-0.761260781353729,0.47580645161290325,0.44941348973607037,-0.7142451901224127,0.3247800586510264,0.02785923753665689,-0.5414222873900293,0.5058651026392962,0.5571847507331378,0.25621279923220214,-0.1660557184750733,-0.1156630927779578,-0.10043988269794721,-0.6916256157635468,-0.6678490743438682,-0.6748768472906403,-0.6945812807881774,-0.15287324782379844,0.07258729752784673,0.14922090076580072,-0.1876031826181005,-0.25806451612903225,-0.2870967741935484,-0.46748028570705985,-0.12021472270121797,0.39002932551319647,0.3086510263929619,0.019428152492668622,0.5971407624633431,0.14002932551319647,0.43355069835741566,0.6268328445747801,-0.016886949190378548,0.04038183502047044,0.06140377126253595,-0.056534569028658624,-0.018355379554759292,0.0389134046560897,-0.0029455368502595523,0.03019175271516041,0.12160205882777847,-0.16005890971750103,-0.06607936639713345,0.5252932551319648,-0.2793255131964809,1.0,0.37760058814990977,-0.3999266862170088,-0.594574780058651,-0.23240469208211142,0.6107038123167156,-0.4153225806451613,0.3848973607038123,-0.6653225806451613,0.44574780058651026,-0.2562316715542522,0.33944281524926684,-0.14112903225806453,0.19648093841642228,-0.6818181818181818,0.48936950146627567,-0.18181818181818182,0.3354105571847507,0.6752199413489736,0.2126099706744868,0.6173020527859238,0.6286656891495601,0.4182551319648094,-0.38269794721407624,0.09970674486803519,-0.15542521994134897,-0.08247800586510264,0.39919354838709675,0.531524926686217,0.18328445747800587,-0.3420087976539589,0.4219208211143695,0.5450879765395894,-0.2159090909090909,0.42338709677419356,0.1059384164222874,0.3614369501466276,-0.18914956011730205,-0.5417888563049853,-0.5153958944281525,-0.5480205278592375,-0.4912023460410557,0.1381964809384164,-0.4538123167155425,0.019428152492668622,0.24450146627565983,0.49156891495601174,0.39002932551319647,0.14039589442815248,0.5267595307917888,0.3086510263929619
leaf_iso_d13C_May,0.425625517322374,0.34442306074450507,0.45127876255236804,0.4886811495182813,-0.4770560731862562,0.4679681075469513,0.3715516466892559,-0.5315207911927363,0.19686554935582676,-0.04490880781394558,-0.2670699305506886,0.4280084336553589,0.5350563673832945,0.3538151672842659,-0.006598845229804248,0.17241063244729607,0.052607460582050534,-0.4409410059311349,-0.4522170531179216,-0.520014784089735,-0.45892351622888505,-0.032630614115490376,-0.06544454628780935,0.374186453125892,-0.11169189619700276,-0.16191148383523377,-0.13085996638738073,-0.3833029136028088,-0.19580409726184486,0.07845293773211717,0.3935477974552701,-0.4129777306319159,0.3673357177924365,-0.1966822480994433,0.1697758687222791,0.4336907726032459,0.010647095910072027,-0.16925211084631742,-0.3309284291010959,0.3744840630439127,-0.10610381786244193,0.2228547316349559,0.09831630271539742,0.1866905074033951,-0.12951255134701306,-0.18393776037745124,-0.0818724961360711,0.3339748891306484,-0.6226743679345842,0.37760058814990977,1.0,-0.21922830263460782,-0.7449363059423463,-0.13454312218545328,0.23572541570911845,-0.04289249399372762,0.12867748198118284,-0.35963706502433157,0.1277609756992656,-0.018330125638345136,-0.024012464586232126,-0.37815049191906014,-0.3548712323583618,-0.3490055921540914,0.17505269984619604,-0.1631381181812717,-0.0960498583449285,0.4501878856777565,-0.15287324782379844,0.5115938065662127,0.5004124299268222,0.17211987974406082,-0.1763358086408802,0.3282925501827614,-0.11712950282902541,0.05407387063311815,0.2170286875580064,0.3922646886605859,0.1292273857503332,-0.07698652768104956,0.1594720930536027,0.34075703561683607,-0.2788012109592295,0.2456236835538248,0.22252772524950995,-0.07991934778318478,-0.2894326838294697,-0.19393272925369154,-0.5416552126130988,-0.1752360011025795,-0.5299239322045579,0.26395380919216993,-0.34368985571897126,-0.4129777306319159,0.19283292171539082,0.36440289769030126,0.07845293773211717,0.01099807538300708,0.348455688384941,0.3935477974552701
leaf_nut_B_March,-0.2723607038123167,-0.24816715542521994,-0.4337305297443298,-0.31048387096774194,0.6039544490256167,-0.37280058651026393,-0.41678885630498536,0.6282458378284633,-0.16422287390029325,0.017961876832844576,0.5278592375366569,-0.41275659824046923,-0.40542521994134895,0.05245301401604138,0.0593841642228739,0.07973604652680134,-0.026392961876832845,0.3901477832512315,0.5471827298686422,0.34088669950738915,0.39408866995073893,0.13545962846737056,0.13252680836523534,-0.17176902213458878,0.18980380646112807,0.1403225806451613,0.07822580645161291,0.23869381935042577,0.1997442176582259,-0.4270527859237537,-0.17302052785923755,-0.21407624633431085,-0.4475806451612903,-0.01063049853372434,-0.6476978776089456,-0.4252199413489736,-0.12922187206550542,-0.280470199596722,-0.13645282502785766,-0.07488994858341791,0.16152734008188177,0.26505168077072416,0.20692396373073355,0.3129632903400774,-0.404482981176387,-0.1762116437256892,0.07635837894779865,0.0032991202346041057,0.2661290322580645,-0.3999266862170088,-0.21922830263460782,1.0,0.39919354838709675,0.2525659824046921,-0.3262463343108504,0.2873900293255132,-0.31048387096774194,0.25769794721407624,-0.2005131964809384,0.5186950146627566,0.11473607038123167,-0.04435483870967742,0.03262463343108504,0.3350439882697947,-0.18841642228739003,0.013196480938416423,-0.38233137829912023,-0.20271260997067447,-0.11436950146627566,-0.41642228739002934,-0.46480938416422285,0.15469208211143695,0.030058651026392963,-0.03848973607038123,0.0076979472140762464,0.2716275659824047,-0.25843108504398826,-0.41275659824046923,0.12060117302052786,0.38343108504398826,-0.07074780058651027,-0.011730205278592375,0.4468475073313783,-0.6433284457478006,-0.24596774193548387,-0.26099706744868034,0.3405425219941349,0.3497067448680352,0.09457478005865103,0.32038123167155425,0.09457478005865103,-0.4743401759530792,0.3214809384164223,-0.21407624633431085,-0.051319648093841645,-0.6173020527859238,-0.4270527859237537,0.17118768328445746,-0.5799120234604106,-0.17302052785923755
leaf_nut_B_May,-0.5069648093841642,-0.47653958944281527,-0.6043996435194655,-0.5784457478005866,0.7103272241864697,-0.5861436950146628,-0.5615835777126099,0.6942635638491033,-0.26466275659824046,0.03189149560117302,0.5135630498533724,-0.5443548387096774,-0.6730205278592375,-0.2862907513253168,0.2151759530791789,-0.05407387063311815,0.12866568914956011,0.6689655172413793,0.6624501327566098,0.7093596059113301,0.68128078817734,0.14627440259399418,0.15617267043870056,-0.30009166407078103,-0.03392628424667506,0.09717741935483871,-0.01935483870967742,0.5494911521556689,0.13365373458052718,-0.10117302052785923,-0.2998533724340176,0.23497067448680353,-0.6198680351906158,0.21407624633431085,-0.48436198361618776,-0.6455278592375366,0.13509559352302838,0.05139506275332602,0.10916226002228613,-0.1321587327942669,0.16960370708597586,-0.2466963012159649,0.06995650019366437,-0.3004447587264743,0.05694356229095366,0.10572698623541353,-0.016886949190378548,-0.41348973607038125,0.5384897360703812,-0.594574780058651,-0.7449363059423463,0.39919354838709675,1.0,0.25219941348973607,-0.4629765395894428,0.2437683284457478,-0.2540322580645161,0.6070381231671554,-0.374266862170088,0.04618768328445748,-0.13526392961876832,0.3812316715542522,0.08834310850439883,0.5872434017595308,-0.4219208211143695,0.18841642228739003,0.006964809384164223,-0.6627565982404692,0.08064516129032258,-0.7027126099706745,-0.6616568914956011,-0.4538123167155425,0.3405425219941349,-0.20857771260997068,-0.014296187683284457,-0.04912023460410557,-0.4149560117302053,-0.6004398826979472,0.07331378299120235,0.12023460410557185,-0.24120234604105573,-0.4079912023460411,0.4413489736070381,-0.47580645161290325,-0.10887096774193548,-0.12683284457478006,0.27419354838709675,0.4336510263929619,0.6085043988269795,0.40652492668621704,0.5832111436950147,-0.35153958944281527,0.5205278592375366,0.23497067448680353,-0.33027859237536655,-0.5502199413489736,-0.10117302052785923,-0.07991202346041056,-0.6092375366568915,-0.2998533724340176
leaf_nut_Ca_March,-0.10227272727272728,0.006598240469208211,-0.14078827000999378,-0.17302052785923755,0.20079575421707982,-0.20124633431085043,-0.18181818181818182,0.2916925639309579,0.031158357771260997,0.14259530791788858,0.1374633431085044,-0.14076246334310852,-0.1774193548387097,-0.28482353415004286,0.06121700879765396,-0.14755751138867834,0.0032991202346041057,0.17389162561576355,0.20596962155390924,0.22660098522167488,0.18620689655172415,-0.1217120342386117,-0.19851526066327782,-0.23171402772478145,0.05739960523896916,0.1689516129032258,0.08830645161290322,-0.04531696647160274,-0.25129111253776804,0.08541055718475073,0.013196480938416423,0.11730205278592376,-0.09640762463343108,-0.14149560117302054,-0.1158341560496912,-0.12023460410557185,-0.0044052910931422305,0.07048465749027569,0.034113206256964415,0.011013227732855575,0.10058747996008092,-0.18355379554759294,0.01104576318847332,-0.11487593716012254,0.06576063000052068,-0.04845820202456453,-0.1842880107297833,-0.22727272727272727,0.15139296187683285,-0.23240469208211142,-0.13454312218545328,0.2525659824046921,0.25219941348973607,1.0,-0.2723607038123167,0.0010997067448680353,-0.12903225806451613,0.16495601173020527,-0.03409090909090909,0.056085043988269793,0.13929618768328444,-0.19134897360703812,0.05718475073313783,0.3086510263929619,-0.2060117302052786,-0.20197947214076245,-0.0036656891495601175,-0.02126099706744868,0.08284457478005865,-0.07881231671554252,-0.2250733137829912,-0.0718475073313783,0.19794721407624633,-0.16972140762463342,0.16495601173020527,-0.33027859237536655,-0.13233137829912023,-0.1627565982404692,0.08577712609970674,0.1466275659824047,0.0373900293255132,-0.12646627565982405,0.024193548387096774,-0.17998533724340177,0.09310850439882698,-0.3324780058651026,0.24303519061583578,0.016495601173020527,0.053519061583577714,0.01063049853372434,0.06818181818181818,-0.2936217008797654,0.26392961876832843,0.11730205278592376,0.06854838709677419,-0.3185483870967742,0.08541055718475073,0.22287390029325513,-0.35777126099706746,0.013196480938416423
leaf_nut_Ca_May,0.5725806451612904,0.4739736070381232,0.6315307163859747,0.6396627565982405,-0.7534248494818429,0.6895161290322581,0.5872434017595308,-0.7455889176099568,0.38929618768328444,0.13526392961876832,-0.5432551319648093,0.6041055718475073,0.7584310850439883,0.5639616017458995,-0.04142228739002932,-0.05297406309481744,0.01722873900293255,-0.7009852216748769,-0.7553119280574548,-0.6532019704433497,-0.6916256157635468,-0.04050957766074275,-0.1438914862610093,0.45572869693339135,-0.32294154896429617,-0.4439516129032258,-0.24233870967741936,-0.5724248396412978,-0.25018653621892073,0.532258064516129,0.4112903225806452,0.11546920821114369,0.7939882697947214,0.10667155425219942,0.6239470086374123,0.7727272727272727,-0.11820864433264984,-0.06020564493961048,0.06822641251392883,-0.18649065627635442,0.035976543927328214,0.0881058218628446,0.03313728956541996,0.06332904228058037,-0.15025752888387128,-0.011013227732855575,0.0726873030368468,0.5454545454545454,-0.22250733137829912,0.6107038123167156,0.23572541570911845,-0.3262463343108504,-0.4629765395894428,-0.2723607038123167,1.0,-0.3662023460410557,0.3343108504398827,-0.6858504398826979,0.6407624633431085,-0.39626099706744866,0.4413489736070381,-0.0747800586510264,0.43255131964809385,-0.5197947214076246,0.7635630498533724,0.07881231671554252,0.5150293255131965,0.6843841642228738,0.6535923753665689,0.7078445747800587,0.7602639296187683,0.3629032258064516,-0.2862903225806452,-0.0872434017595308,-0.2965542521994135,-0.3412756598240469,0.6726539589442815,0.8255131964809385,0.060117302052785926,-0.05718475073313783,0.4274193548387097,0.6030058651026393,0.04985337243401759,0.5249266862170088,0.010263929618768328,0.3621700879765396,-0.19171554252199413,-0.5971407624633431,-0.4318181818181818,-0.5384897360703812,-0.4153225806451613,-0.005498533724340176,-0.501466275659824,0.11546920821114369,0.2686950146627566,0.6869501466275659,0.532258064516129,0.2283724340175953,0.7338709677419355,0.4112903225806452
leaf_nut_Cd_March,-0.2716275659824047,-0.2862903225806452,-0.25022915177557487,-0.29215542521994137,0.3727944588049784,-0.25476539589442815,-0.2467008797653959,0.3108905970170787,-0.2892228739002933,-0.1623900293255132,0.0032991202346041057,-0.37646627565982405,-0.2925219941348974,-0.26758373234057475,0.21920821114369501,0.0012831087946841594,0.18365102639296188,0.22167487684729065,0.3347343784100229,0.1891625615763547,0.22216748768472908,-0.05993951083738859,-0.18330125638345135,-0.1747021110931303,0.24353570529505128,0.24637096774193548,0.32379032258064516,0.40730228974476956,0.09720271605856522,-0.2903225806451613,-0.01722873900293255,-0.4281524926686217,-0.48203812316715544,0.19868035190615835,-0.2579500113711611,-0.43585043988269795,-0.0014684303643807434,-0.19897231437359073,-0.13645282502785766,0.01248165809723632,0.1270192265189343,0.08149788522313126,0.08836610550778656,0.07805672653187813,-0.36186715391347973,-0.028634392105424497,0.017621164372568922,-0.2595307917888563,-0.12353372434017595,-0.4153225806451613,-0.04289249399372762,0.2873900293255132,0.2437683284457478,0.0010997067448680353,-0.3662023460410557,1.0,-0.03152492668621701,0.15139296187683285,-0.14406158357771262,-0.0406891495601173,-0.1092375366568915,0.02969208211143695,-0.3662023460410557,0.14222873900293256,-0.17705278592375367,-0.15505865102639296,-0.29545454545454547,-0.27126099706744866,-0.12939882697947214,-0.3918621700879765,-0.2895894428152493,-0.16715542521994134,-0.21077712609970675,0.32111436950146627,-0.1466275659824047,0.10153958944281524,-0.1656891495601173,-0.33614369501466274,0.11326979472140762,0.24780058651026393,-0.11326979472140762,-0.3060850439882698,-0.012829912023460411,-0.4241202346041056,-0.2635630498533724,-0.22580645161290322,-0.10777126099706745,0.028958944281524925,0.18841642228739003,0.024926686217008796,0.1660557184750733,0.05535190615835777,0.42045454545454547,-0.4281524926686217,-0.17338709677419356,-0.10153958944281524,-0.2903225806451613,-0.14406158357771262,-0.21077712609970675,-0.01722873900293255
leaf_nut_Cd_May,0.17375366568914957,0.16532258064516128,0.29459212227351567,0.2155425219941349,-0.5234402490419876,0.22947214076246333,0.1466275659824047,-0.46310357362846505,0.11620234604105571,-0.056085043988269793,-0.3874633431085044,0.2837243401759531,0.21370967741935484,0.03172857141529776,0.026759530791788857,-0.1145632852396571,0.060117302052785926,-0.42216748768472906,-0.5544713010114412,-0.44482758620689655,-0.4295566502463054,-0.4280084336553589,-0.19154981292070666,0.06012832365010151,-0.2980011454099837,0.04959677419354839,0.22258064516129034,-0.2656638358335254,-0.07511118968161858,0.2895894428152493,0.2785923753665689,0.015029325513196481,0.23387096774193547,0.31158357771260997,0.3068145040912829,0.2624633431085044,-0.016152734008188178,0.07121887267246606,0.21832452004457226,-0.29001499696519684,0.13436137834083803,-0.3142440979774791,0.11340316873499276,-0.23858848487102371,0.08486427670458255,0.17033792226816624,-0.032305468016376356,0.12646627565982405,-0.1744868035190616,0.3848973607038123,0.12867748198118284,-0.31048387096774194,-0.2540322580645161,-0.12903225806451613,0.3343108504398827,-0.03152492668621701,1.0,-0.3885630498533724,0.3027859237536657,-0.4112903225806452,0.08834310850439883,-0.08760997067448681,-0.018328445747800588,-0.2631964809384164,0.42338709677419356,-0.21774193548387097,0.43621700879765396,0.4006598240469208,0.13709677419354838,0.3552052785923754,0.22727272727272727,0.23497067448680353,-0.06634897360703812,0.11033724340175953,-0.09640762463343108,-0.187683284457478,0.24780058651026393,0.3467741935483871,0.14406158357771262,-0.08651026392961877,0.4512463343108504,0.15505865102639296,-0.062683284457478,0.47543988269794724,0.2001466275659824,-0.04105571847507331,-0.2716275659824047,-0.5087976539589443,-0.250733137829912,-0.5021994134897361,-0.22030791788856305,-0.2126099706744868,-0.2972873900293255,0.015029325513196481,0.34347507331378296,0.3255131964809384,0.2895894428152493,0.37023460410557185,0.3629032258064516,0.2785923753665689
leaf_nut_Co_March,-0.6455278592375366,-0.6180351906158358,-0.6190650883121732,-0.6737536656891495,0.6552798027864702,-0.6763196480938416,-0.6173020527859238,0.5910251614370047,-0.5843108504398827,-0.28482404692082114,0.5164956011730205,-0.6447947214076246,-0.6983137829912024,-0.333975309521718,-0.002932551319648094,0.004765832665969735,-0.0813782991202346,0.7605911330049261,0.762060605041528,0.7517241379310344,0.7556650246305419,0.044175602788411775,0.1752360011025795,-0.3008249363104164,0.18485240281431603,0.3689516129032258,0.20040322580645162,0.5874693386318703,0.1463563622472715,-0.3405425219941349,-0.37023460410557185,0.07881231671554252,-0.6271994134897361,-0.09934017595307917,-0.5328371178285796,-0.6169354838709677,0.34361270526509397,-0.1116007076929365,-0.1978565962903936,0.21659347874615964,0.2466963012159649,0.0389134046560897,0.20545119530560377,0.039028363265939066,0.10764170162096402,0.19676966882701963,-0.006607936639713346,-0.44244868035190615,0.23240469208211142,-0.6653225806451613,-0.35963706502433157,0.25769794721407624,0.6070381231671554,0.16495601173020527,-0.6858504398826979,0.15139296187683285,-0.3885630498533724,1.0,-0.30718475073313783,0.4006598240469208,-0.22763929618768328,0.3255131964809384,-0.24633431085043989,0.8728005865102639,-0.4717741935483871,0.18951612903225806,-0.4351173020527859,-0.7085777126099707,-0.3852639296187683,-0.6462609970674487,-0.6598240469208211,-0.4178885630498534,0.3966275659824047,0.05791788856304985,0.12353372434017595,0.3405425219941349,-0.3409090909090909,-0.7452346041055719,-0.2925219941348974,0.23423753665689148,-0.34274193548387094,-0.44941348973607037,-0.030791788856304986,-0.375366568914956,0.02785923753665689,-0.04032258064516129,0.14406158357771262,0.6686217008797654,0.6407624633431085,0.6381964809384164,0.6041055718475073,-0.15175953079178886,0.3467741935483871,0.07881231671554252,-0.3555718475073314,-0.40652492668621704,-0.3405425219941349,-0.218475073313783,-0.46151026392961875,-0.37023460410557185
leaf_nut_Co_May,0.2760263929618768,0.24633431085043989,0.43263062138487673,0.3280791788856305,-0.5432259770184998,0.4010263929618768,0.30461876832844575,-0.5694763487893181,0.0714809384164223,-0.07661290322580645,-0.42302052785923755,0.28519061583577715,0.4798387096774194,0.31875293132825144,0.021994134897360705,-0.1303271932886339,0.04838709677419355,-0.5339901477832513,-0.4167982905363511,-0.4182266009852217,-0.5270935960591133,-0.17065346969299322,-0.058656402042704434,0.1758020194525834,0.07060334829713459,-0.2608870967741935,0.08387096774193549,-0.19888093787537398,-0.12592170034859584,0.24853372434017595,0.05865102639296188,0.14772727272727273,0.5153958944281525,-0.041788856304985335,0.357236430842325,0.5263929618768328,0.016886949190378548,-0.3274599712569058,-0.21832452004457226,0.02496331619447264,0.3274599712569058,0.2672543263172953,0.3335820482918943,0.3004447587264743,-0.34092661810325803,0.018355379554759292,0.008810582186284461,0.4314516129032258,-0.4032258064516129,0.44574780058651026,0.1277609756992656,-0.2005131964809384,-0.374266862170088,-0.03409090909090909,0.6407624633431085,-0.14406158357771262,0.3027859237536657,-0.30718475073313783,1.0,-0.17668621700879766,0.49193548387096775,-0.1312316715542522,0.3812316715542522,-0.20161290322580644,0.9252199413489736,0.028225806451612902,0.20234604105571846,0.5164956011730205,0.3724340175953079,0.48240469208211145,0.5058651026392962,0.4439149560117302,-0.28848973607038125,0.15175953079178886,0.08614369501466276,-0.10740469208211144,0.5663489736070382,0.4571114369501466,-0.1092375366568915,0.07258064516129033,0.5846774193548387,0.4112903225806452,-0.21627565982404692,0.3552052785923754,0.06414956011730205,0.3090175953079179,-0.005498533724340176,-0.3837976539589443,-0.31451612903225806,-0.3519061583577713,-0.3350439882697947,-0.15175953079178886,-0.2525659824046921,0.14772727272727273,0.17412023460410558,0.6774193548387096,0.24853372434017595,0.21774193548387097,0.6140029325513197,0.05865102639296188
leaf_nut_Cr_March,-0.04582111436950147,-0.042155425219941346,-0.10650779280703956,-0.09200879765395895,0.3343983926327368,-0.19868035190615835,-0.12573313782991202,0.4100151351964371,-0.02309384164222874,0.14442815249266863,0.4182551319648094,-0.16532258064516128,-0.25476539589442815,-0.045667134580399664,-0.11363636363636363,-0.0614059208884562,-0.14222873900293256,0.35123152709359606,0.42003765548870614,0.3689655172413793,0.35911330049261087,0.06837136863102736,0.31051232831356657,-0.19560036992273877,0.16669725610933855,0.039919354838709675,0.010483870967741936,0.18181827438606607,0.23766800460531762,-0.4560117302052786,-0.218475073313783,-0.12316715542521994,-0.250366568914956,-0.3790322580645161,-0.28403703138907477,-0.2994868035190616,0.07488994858341791,-0.2878123514186257,-0.347954703821037,0.280470199596722,-0.08737160668065423,0.3274599712569058,0.06995650019366437,0.36082826415679514,-0.08412952106211863,-0.1762116437256892,-0.05580035384646825,-0.06964809384164222,0.1744868035190616,-0.2562316715542522,-0.018330125638345136,0.5186950146627566,0.04618768328445748,0.056085043988269793,-0.39626099706744866,-0.0406891495601173,-0.4112903225806452,0.4006598240469208,-0.17668621700879766,1.0,0.032991202346041054,0.019428152492668622,-0.20197947214076245,0.24780058651026393,-0.2668621700879765,0.1656891495601173,-0.42008797653958946,-0.1777859237536657,-0.3662023460410557,-0.17008797653958943,-0.2595307917888563,0.15469208211143695,0.004032258064516129,-0.050953079178885634,0.22030791788856305,0.6000733137829912,-0.16385630498533724,-0.22763929618768328,-0.10997067448680352,0.07771260997067449,-0.17705278592375367,0.04472140762463343,0.016495601173020527,-0.35080645161290325,-0.16642228739002932,-0.08541055718475073,-0.03555718475073314,0.3966275659824047,0.1158357771260997,0.39552785923753664,0.11400293255131964,-0.04032258064516129,0.06488269794721407,-0.12316715542521994,-0.15725806451612903,-0.41678885630498536,-0.4560117302052786,-0.16385630498533724,-0.3284457478005865,-0.218475073313783
leaf_nut_Cr_May,0.33284457478005863,0.3596041055718475,0.3393217288912741,0.28812316715542524,-0.26661758194092255,0.2569648093841642,0.2624633431085044,-0.24036721017010432,0.25146627565982405,0.1807184750733138,-0.08541055718475073,0.2719941348973607,0.31378299120234604,0.26758373234057475,0.18621700879765396,0.013380991715991948,0.1774193548387097,-0.18620689655172415,-0.10554930803090237,-0.09359605911330049,-0.15911330049261083,0.05315736435120089,-0.32682614013169375,0.2478460169967599,-0.07977261430974948,-0.11653225806451613,-0.0125,-0.15209621540469098,0.012702627666744319,0.3255131964809384,0.06928152492668621,0.23057184750733137,0.3903958944281525,0.13013196480938416,0.029980605095214195,0.39332844574780057,-0.023494885830091895,-0.09765061923131943,0.013645282502785766,-0.16226155526407215,0.13436137834083803,0.20851711174206555,-0.09057525814548123,0.25552532176001613,-0.2281416269850466,-0.10279012550665204,-0.07195308785465643,0.3581378299120235,-0.025293255131964808,0.33944281524926684,-0.024012464586232126,0.11473607038123167,-0.13526392961876832,0.13929618768328444,0.4413489736070381,-0.1092375366568915,0.08834310850439883,-0.22763929618768328,0.49193548387096775,0.032991202346041054,1.0,0.13929618768328444,0.1843841642228739,-0.18218475073313783,0.4219208211143695,0.016129032258064516,0.14406158357771262,0.4413489736070381,0.250733137829912,0.4398826979472141,0.29765395894428154,0.43218475073313783,-0.1499266862170088,0.012463343108504398,0.030058651026392963,-0.20711143695014664,0.751466275659824,0.312316715542522,-0.16129032258064516,0.062316715542521994,0.2866568914956012,0.42558651026392963,0.026392961876832845,0.15395894428152493,-0.14442815249266863,0.1469941348973607,0.05205278592375367,-0.313049853372434,-0.14516129032258066,-0.33651026392961875,-0.11986803519061584,-0.08321114369501466,-0.21664222873900293,0.23057184750733137,0.004765395894428153,0.21334310850439883,0.3255131964809384,0.11510263929618768,0.249633431085044,0.06928152492668621
leaf_nut_Cu_March,-0.2859237536656892,-0.31121700879765396,-0.25114574207511914,-0.2283724340175953,0.1424180617715288,-0.2987536656891496,-0.19208211143695014,0.14790321408184903,-0.2316715542521994,-0.1623900293255132,0.07294721407624634,-0.22910557184750732,-0.2657624633431085,-0.22943608578345373,-0.02749266862170088,-0.0753368163735985,-0.07991202346041056,0.31576354679802954,0.21892708136332947,0.33842364532019703,0.3295566502463054,-0.09036751939704152,0.05902300455547133,-0.17176902213458878,0.12011738476525496,0.13830645161290323,-0.08306451612903226,0.07412167795355266,0.19072351105430602,0.2628299120234604,0.13636363636363635,0.17045454545454544,-0.14186217008797655,0.3218475073313783,-0.030564642856809276,-0.16129032258064516,0.6035248797604855,-0.36123386963766285,-0.293373573809894,0.09471375850255795,0.04845820202456453,-0.2261382761146345,-0.10309378975908433,-0.3203271324657263,0.18221939933105172,0.23421464311872858,0.17327478299692772,0.19978005865102638,0.21774193548387097,-0.14112903225806453,-0.37815049191906014,-0.04435483870967742,0.3812316715542522,-0.19134897360703812,-0.0747800586510264,0.02969208211143695,-0.08760997067448681,0.3255131964809384,-0.1312316715542522,0.019428152492668622,0.13929618768328444,1.0,-0.004765395894428153,0.3222140762463343,-0.18291788856304986,0.2657624633431085,0.09787390029325513,-0.24926686217008798,-0.11803519061583578,-0.18181818181818182,-0.22910557184750732,-0.1436950146627566,0.10117302052785923,-0.20821114369501467,-0.0436217008797654,-0.060117302052785926,0.13563049853372433,-0.16825513196480937,-0.10483870967741936,0.009164222873900294,-0.15359237536656892,0.06195014662756598,-0.015029325513196481,-0.14112903225806453,-0.2866568914956012,0.49816715542521994,0.1935483870967742,0.10740469208211144,0.4307184750733138,0.08174486803519061,0.4571114369501466,0.045454545454545456,0.11913489736070382,0.17045454545454544,-0.38233137829912023,0.006231671554252199,0.2628299120234604,-0.2602639296187683,-0.04032258064516129,0.13636363636363635
leaf_nut_Cu_May,-0.03592375366568915,-0.024560117302052785,0.09000916741524342,0.009897360703812317,-0.1612242982640553,0.03482404692082111,-0.0186950146627566,-0.10989894450320173,0.12573313782991202,0.09274193548387097,-0.08394428152492668,0.0021994134897360706,0.06781524926686217,0.13681800159428975,-0.17925219941348974,-0.08651819301298903,-0.18291788856304986,-0.19704433497536947,-0.17978475485570583,-0.08423645320197044,-0.19852216748768473,0.011731280408540887,0.14829071641421215,-0.1594867121206961,0.226114099871083,-0.24233870967741936,-0.26653225806451614,-0.21796176586341723,-0.15335201226663794,0.0718475073313783,-0.22434017595307917,0.3255131964809384,0.30498533724340177,-0.050586510263929615,0.09403007961680816,0.3053519061583578,-0.04625555647799342,-0.055066138664277876,0.02046792375417865,-0.06534515121494308,0.09618218886693869,-0.054331923482087506,0.0677473475559697,-0.020618757951816866,-0.022777424916381465,0.10792963178198464,0.2254040609324441,0.08174486803519061,0.23570381231671556,0.19648093841642228,-0.3548712323583618,0.03262463343108504,0.08834310850439883,0.05718475073313783,0.43255131964809385,-0.3662023460410557,-0.018328445747800588,-0.24633431085043989,0.3812316715542522,-0.20197947214076245,0.1843841642228739,-0.004765395894428153,1.0,-0.06304985337243402,0.41385630498533726,-0.016129032258064516,0.3412756598240469,0.17558651026392963,0.38563049853372433,0.10410557184750734,0.15542521994134897,0.15395894428152493,-0.012463343108504398,-0.2969208211143695,0.15872434017595308,-0.40212609970674484,0.0186950146627566,0.17558651026392963,0.054252199413489736,0.125,0.4442815249266862,0.15762463343108504,0.4156891495601173,0.10777126099706745,-0.12316715542521994,0.1059384164222874,0.4222873900293255,-0.187316715542522,-0.16165689149560117,-0.1660557184750733,-0.19538123167155425,-0.2375366568914956,-0.24266862170087977,0.3255131964809384,0.08760997067448681,0.07001466275659823,0.0718475073313783,0.1693548387096774,0.14589442815249268,-0.22434017595307917
leaf_nut_Fe_March,-0.656158357771261,-0.6418621700879765,-0.5638863522796105,-0.6110703812316716,0.5532167901551546,-0.5967741935483871,-0.5865102639296188,0.49875706364554656,-0.5733137829912024,-0.2873900293255132,0.40175953079178883,-0.6433284457478006,-0.624633431085044,-0.29399364149550467,0.12280058651026393,0.04692512163416355,0.031158357771260997,0.6295566502463055,0.6268171182807042,0.5921182266009852,0.6246305418719211,-0.004215928896819381,0.08120245657786895,-0.26562786880791794,0.19933984311424754,0.4383064516129032,0.2564516129032258,0.3289608132938612,0.12223977928577141,-0.1528592375366569,-0.14039589442815248,0.047653958944281524,-0.4706744868035191,0.0373900293255132,-0.47715885122318175,-0.4530791788856305,0.3392074141719517,-0.12775344170112468,-0.1569207487820363,0.12408236579017282,0.4434659700429845,-0.09177689777379647,0.2525797849097566,-0.04712858960415284,0.018001513240365995,0.24816473158034563,0.027165961741043753,-0.35777126099706746,0.2093108504398827,-0.6818181818181818,-0.3490055921540914,0.3350439882697947,0.5872434017595308,0.3086510263929619,-0.5197947214076246,0.14222873900293256,-0.2631964809384164,0.8728005865102639,-0.20161290322580644,0.24780058651026393,-0.18218475073313783,0.3222140762463343,-0.06304985337243402,1.0,-0.33027859237536655,-0.016129032258064516,-0.33394428152492667,-0.5593841642228738,-0.2628299120234604,-0.5370234604105572,-0.5982404692082112,-0.30095307917888564,0.3218475073313783,-0.10850439882697947,0.09494134897360704,0.22397360703812316,-0.2965542521994135,-0.5978739002932552,-0.25843108504398826,0.500733137829912,-0.16788856304985336,-0.4541788856304985,0.04105571847507331,-0.24853372434017595,-0.14516129032258066,-0.05241935483870968,0.2840909090909091,0.47947214076246336,0.501099706744868,0.4769061583577713,0.4802052785923754,-0.35080645161290325,0.2903225806451613,0.047653958944281524,-0.11326979472140762,-0.3343108504398827,-0.1528592375366569,0.05498533724340176,-0.39332844574780057,-0.14039589442815248
leaf_nut_Fe_May,0.3548387096774194,0.28152492668621704,0.5096242065465921,0.41642228739002934,-0.6080683132583569,0.4670087976539589,0.36656891495601174,-0.6319679054676093,0.1433284457478006,-0.0531524926686217,-0.47324046920821117,0.375733137829912,0.5450879765395894,0.4348464903217976,0.004765395894428153,-0.11218036890667223,0.053519061583577714,-0.632512315270936,-0.5644593429478693,-0.5640394088669951,-0.6310344827586207,-0.15873888802806888,-0.04839153168523116,0.26746104940700643,-0.0698698070161254,-0.3185483870967742,0.05403225806451613,-0.33097897779259655,-0.053940143570378046,0.25769794721407624,0.1631231671554252,0.056085043988269793,0.5755131964809385,0.06964809384164222,0.4086317538626922,0.5810117302052786,-0.06240829048618159,-0.24743051639815525,-0.10233961877089325,-0.08590317631627349,0.30690194615557537,0.19163016255168702,0.31149052191494764,0.2400612532961535,-0.3479067967066653,0.013950088461617062,0.03083703765199561,0.5120967741935484,-0.4178885630498534,0.48936950146627567,0.17505269984619604,-0.18841642228739003,-0.4219208211143695,-0.2060117302052786,0.7635630498533724,-0.17705278592375367,0.42338709677419356,-0.4717741935483871,0.9252199413489736,-0.2668621700879765,0.4219208211143695,-0.18291788856304986,0.41385630498533726,-0.33027859237536655,1.0,-0.002565982404692082,0.28482404692082114,0.6103372434017595,0.45527859237536655,0.533724340175953,0.5560850439882697,0.5245601173020528,-0.3999266862170088,0.09310850439882698,-0.01686217008797654,-0.11143695014662756,0.5494868035190615,0.5828445747800587,-0.04582111436950147,0.0813782991202346,0.5703812316715543,0.4842375366568915,-0.06818181818181818,0.3944281524926686,0.10850439882697947,0.3493401759530792,-0.051319648093841645,-0.4769061583577713,-0.3812316715542522,-0.45161290322580644,-0.3878299120234604,-0.1939149560117302,-0.2859237536656892,0.056085043988269793,0.24450146627565983,0.6774193548387096,0.25769794721407624,0.27675953079178883,0.6414956011730205,0.1631231671554252
leaf_nut_K_March,-0.04912023460410557,-0.04655425219941349,-0.14665444792707685,-0.0714809384164223,0.15593504425053223,-0.01686217008797654,0.04288856304985337,0.037612472985053,-0.07917888563049853,-0.07881231671554252,0.29178885630498536,-0.0373900293255132,-0.03555718475073314,0.15845945492957955,-0.006964809384164223,0.030428008559652924,-0.03592375366568915,0.4246305418719212,0.33527427256874875,0.42216748768472906,0.4379310344827586,0.10759783749708594,0.02199615076601416,0.17946838065076032,-0.03851091725298251,-0.3580645161290323,-0.2903225806451613,0.24713341634513722,-0.14267444118444705,-0.04398826979472141,-0.25769794721407624,0.35410557184750735,-0.12463343108504399,-0.1968475073313783,-0.004477622838895626,-0.12939882697947214,0.011013227732855575,-0.24229101012282267,-0.17738867253621496,0.03083703765199561,-0.2209987698393019,0.3524232874513784,0.21870611113177174,0.18115051629096246,-0.05878045139711346,0.17400899817911808,0.1894275170051159,0.1590909090909091,0.2283724340175953,-0.18181818181818182,-0.1631381181812717,0.013196480938416423,0.18841642228739003,-0.20197947214076245,0.07881231671554252,-0.15505865102639296,-0.21774193548387097,0.18951612903225806,0.028225806451612902,0.1656891495601173,0.016129032258064516,0.2657624633431085,-0.016129032258064516,-0.016129032258064516,-0.002565982404692082,1.0,-0.10887096774193548,-0.1810850439882698,0.22360703812316715,-0.024560117302052785,-0.026392961876832845,-0.35153958944281527,0.29215542521994137,-0.1378299120234604,0.1282991202346041,-0.16202346041055718,0.13013196480938416,-0.012829912023460411,-0.32697947214076245,-0.4670087976539589,-0.22067448680351906,0.17888563049853373,0.1059384164222874,-0.10850439882697947,0.10777126099706745,0.1279325513196481,0.05278592375366569,0.2587976539589443,0.2635630498533724,0.2151759530791789,0.2727272727272727,0.18585043988269795,0.028225806451612902,0.35410557184750735,-0.4244868035190616,-0.009897360703812317,-0.04398826979472141,-0.36693548387096775,0.011730205278592375,-0.25769794721407624
leaf_nut_K_May,0.5040322580645161,0.4769061583577713,0.5296058750766564,0.46810850439882695,-0.46682564126761095,0.4798387096774194,0.4237536656891496,-0.3880745259551562,0.5454545454545454,0.4215542521994135,-0.4343841642228739,0.5714809384164223,0.4934017595307918,0.18376895120305406,-0.020527859237536656,-0.12262854052052895,0.028592375366568914,-0.4665024630541872,-0.6071109814872109,-0.38817733990147785,-0.45073891625615764,-0.03647695002030682,-0.05279076183843399,0.1587534398810607,-0.38969380553613253,-0.24274193548387096,-0.12741935483870967,-0.36088450627385665,-0.002025056584553442,0.41972140762463345,0.2529325513196481,0.18035190615835778,0.5098973607038123,0.21041055718475074,0.5449072315682113,0.4534457478005865,0.17841428927226033,0.09618218886693869,0.12963018377646476,-0.10499277105322315,-0.12775344170112468,-0.4368580334032712,-0.23785210065845885,-0.45876736442792526,0.11168285765451556,0.03964761983828007,0.0389134046560897,0.1495601173020528,-0.10703812316715543,0.3354105571847507,-0.0960498583449285,-0.38233137829912023,0.006964809384164223,-0.0036656891495601175,0.5150293255131965,-0.29545454545454547,0.43621700879765396,-0.4351173020527859,0.20234604105571846,-0.42008797653958946,0.14406158357771262,0.09787390029325513,0.3412756598240469,-0.33394428152492667,0.28482404692082114,-0.10887096774193548,1.0,0.27126099706744866,0.4538123167155425,0.3999266862170088,0.5205278592375366,0.050953079178885634,0.0036656891495601175,-0.0593841642228739,-0.26832844574780057,-0.4934017595307918,0.11693548387096774,0.5667155425219942,0.43621700879765396,-0.12939882697947214,0.18658357771260997,0.2730938416422287,0.04838709677419355,0.5175953079178885,0.12280058651026393,0.026759530791788857,-0.16019061583577712,-0.499633431085044,-0.23313782991202345,-0.4640762463343108,-0.23900293255131966,0.017595307917888565,-0.374633431085044,0.18035190615835778,-0.036656891495601175,0.3464076246334311,0.41972140762463345,-0.020527859237536656,0.4035923753665689,0.2529325513196481
leaf_nut_Mg_March,0.45234604105571846,0.4237536656891496,0.5411549128509137,0.48900293255131966,-0.7916250173572873,0.49266862170087977,0.42888563049853373,-0.7536207477786401,0.24890029325513197,-0.07697947214076246,-0.6162023460410557,0.4974340175953079,0.6055718475073314,0.2756534268045811,-0.1436950146627566,-0.18183484633238375,-0.1125366568914956,-0.7507389162561576,-0.7018624063435964,-0.7241379310344828,-0.7423645320197044,-0.3552378348711287,-0.16900375838554216,0.14335472284871764,-0.1481753387638565,-0.24596774193548387,-0.10766129032258065,-0.5981105696252021,-0.2577344743977108,0.3662023460410557,0.4633431085043988,-0.00036656891495601173,0.656158357771261,0.05865102639296188,0.49331722929397903,0.6744868035190615,-0.07415573340122754,0.028634392105424497,0.10233961877089325,-0.15418518825997807,0.16813527672159512,0.12775344170112468,0.05228327909210705,0.14359492145015318,-0.08486427670458255,-0.17254056781473734,-0.06754779676151419,0.593108504398827,-0.4303519061583578,0.6752199413489736,0.4501878856777565,-0.20271260997067447,-0.6627565982404692,-0.02126099706744868,0.6843841642228738,-0.27126099706744866,0.4006598240469208,-0.7085777126099707,0.5164956011730205,-0.1777859237536657,0.4413489736070381,-0.24926686217008798,0.17558651026392963,-0.5593841642228738,0.6103372434017595,-0.1810850439882698,0.27126099706744866,1.0,0.1689882697947214,0.8273460410557185,0.5993401759530792,0.5139296187683284,-0.3815982404692082,-0.041788856304985335,-0.03225806451612903,-0.18878299120234604,0.5535190615835777,0.7071114369501467,0.07441348973607038,-0.1348973607038123,0.3973607038123167,0.6880498533724341,-0.20381231671554254,0.4717741935483871,-0.015029325513196481,0.23973607038123168,-0.17521994134897362,-0.6202346041055719,-0.6367302052785924,-0.6473607038123167,-0.5832111436950147,0.09787390029325513,-0.49156891495601174,-0.00036656891495601173,0.2906891495601173,0.4805718475073314,0.3662023460410557,0.19831378299120234,0.5531524926686217,0.4633431085043988
leaf_nut_Mg_May,0.4010263929618768,0.31451612903225806,0.3688359365365983,0.3969941348973607,-0.2781755814519545,0.45161290322580644,0.42595307917888564,-0.25505958242989063,0.3654692082111437,0.31085043988269795,-0.20637829912023462,0.3530058651026393,0.4285190615835777,0.43154525167743135,0.17192082111436952,-0.056273485709719566,0.2093108504398827,-0.32610837438423645,-0.40627035444119713,-0.29310344827586204,-0.3142857142857143,0.15800568300253506,-0.12611126439181453,0.4098991819561798,-0.4126169705676697,-0.33911290322580645,-0.16169354838709676,-0.327859996294551,-0.22183574403517253,0.4402492668621701,0.17118768328445746,0.2434017595307918,0.4560117302052786,0.187316715542522,0.39130530026870475,0.41715542521994137,-0.17841428927226033,0.04331869574923193,0.15009810753064343,-0.1945670232804485,0.019089594736949662,-0.09471375850255795,0.11855785822294698,-0.09499356342087056,-0.04959600586631448,0.2151250483817789,0.16005890971750103,0.14516129032258066,0.21737536656891496,0.2126099706744868,-0.15287324782379844,-0.11436950146627566,0.08064516129032258,0.08284457478005865,0.6535923753665689,-0.12939882697947214,0.13709677419354838,-0.3852639296187683,0.3724340175953079,-0.3662023460410557,0.250733137829912,-0.11803519061583578,0.38563049853372433,-0.2628299120234604,0.45527859237536655,0.22360703812316715,0.4538123167155425,0.1689882697947214,1.0,0.29472140762463345,0.4120234604105572,0.025293255131964808,-0.12133431085043989,-0.3189149560117302,-0.3251466275659824,-0.4703079178885631,0.3086510263929619,0.49560117302052786,0.11033724340175953,0.012096774193548387,0.26099706744868034,0.1627565982404692,0.3460410557184751,0.18988269794721407,0.16825513196480937,0.1429618768328446,-0.09237536656891496,-0.32697947214076245,-0.03848973607038123,-0.29838709677419356,-0.026392961876832845,-0.12023460410557185,-0.0747800586510264,0.2434017595307918,0.09750733137829912,0.3214809384164223,0.4402492668621701,0.15689149560117302,0.3024193548387097,0.17118768328445746
leaf_nut_Mn_March,0.6697214076246334,0.6473607038123167,0.7043079861697866,0.6752199413489736,-0.848239625131664,0.6887829912023461,0.7305718475073314,-0.8035748134619135,0.43218475073313783,0.14589442815249268,-0.5227272727272727,0.7532991202346041,0.7785923753665689,0.46290701879891066,0.06818181818181818,0.09513335206301125,0.11986803519061584,-0.7300492610837438,-0.8120008147236685,-0.6916256157635468,-0.7211822660098522,-0.10796444000985285,-0.22857666671016383,0.4086159555368179,-0.186686256016839,-0.30120967741935484,-0.14919354838709678,-0.6280160981064623,-0.25460484149431006,0.4281524926686217,0.31048387096774194,0.2595307917888563,0.8053519061583577,0.04948680351906158,0.6013642151890691,0.8225806451612904,0.016152734008188178,0.02496331619447264,0.02046792375417865,-0.01248165809723632,0.07121887267246606,0.15638783380654916,0.05301966330467194,0.15832260570145093,-0.009551823352030937,0.03083703765199561,0.04478712611361267,0.4908357771260997,-0.35043988269794724,0.6173020527859238,0.5115938065662127,-0.41642228739002934,-0.7027126099706745,-0.07881231671554252,0.7078445747800587,-0.3918621700879765,0.3552052785923754,-0.6462609970674487,0.48240469208211145,-0.17008797653958943,0.4398826979472141,-0.18181818181818182,0.10410557184750734,-0.5370234604105572,0.533724340175953,-0.024560117302052785,0.3999266862170088,0.8273460410557185,0.29472140762463345,1.0,0.7474340175953079,0.3555718475073314,-0.22617302052785923,-0.11400293255131964,-0.09824046920821114,-0.26759530791788855,0.5703812316715543,0.8027859237536656,-0.059750733137829914,-0.17595307917888564,0.3519061583577713,0.5102639296187683,-0.28189149560117305,0.6462609970674487,0.05241935483870968,0.17155425219941348,-0.21957478005865103,-0.5978739002932552,-0.5773460410557185,-0.6074046920821115,-0.531891495601173,0.2899560117302053,-0.5597507331378299,0.2595307917888563,0.14222873900293256,0.6301319648093842,0.4281524926686217,0.004032258064516129,0.6752199413489736,0.31048387096774194
leaf_nut_Mn_May,0.6968475073313783,0.6107038123167156,0.7343721479948374,0.7320381231671554,-0.7348145112861135,0.7778592375366569,0.749266862170088,-0.7489191886555084,0.49230205278592376,0.28519061583577715,-0.6345307917888563,0.6994134897360704,0.8519061583577713,0.5228795208382306,-0.004765395894428153,0.009165062819172568,0.09640762463343108,-0.7571428571428571,-0.8079516085332246,-0.7463054187192119,-0.7482758620689656,0.13802584605673887,-0.14425808877377622,0.49184235473543403,-0.2664588703265885,-0.28911290322580646,-0.27983870967741936,-0.532611958166246,-0.012518531613603097,0.3559384164222874,0.3918621700879765,-0.09127565982404692,0.7686950146627566,-0.14149560117302054,0.6741742561345894,0.7525659824046921,-0.027165961741043753,-0.011013227732855575,-0.027290565005571532,0.02569753137666301,-0.1762116437256892,0.16152734008188177,-0.07437480546905369,0.13328554247424473,-0.14511423938662385,-0.24229101012282267,-0.1167402139682691,0.46444281524926684,-0.47947214076246336,0.6286656891495601,0.5004124299268222,-0.46480938416422285,-0.6616568914956011,-0.2250733137829912,0.7602639296187683,-0.2895894428152493,0.22727272727272727,-0.6598240469208211,0.5058651026392962,-0.2595307917888563,0.29765395894428154,-0.22910557184750732,0.15542521994134897,-0.5982404692082112,0.5560850439882697,-0.026392961876832845,0.5205278592375366,0.5993401759530792,0.4120234604105572,0.7474340175953079,1.0,0.2434017595307918,-0.2404692082111437,0.1469941348973607,-0.2467008797653959,-0.19941348973607037,0.4604105571847507,0.7697947214076246,0.19171554252199413,-0.13013196480938416,0.36070381231671556,0.5128299120234604,-0.16642228739002932,0.5465542521994134,0.013929618768328446,0.22397360703812316,-0.2558651026392962,-0.5612170087976539,-0.6195014662756598,-0.530425219941349,-0.6121700879765396,0.35153958944281527,-0.5641495601173021,-0.09127565982404692,0.04985337243401759,0.7294721407624634,0.3559384164222874,-0.1158357771260997,0.7536656891495601,0.3918621700879765
leaf_nut_Mo_March,0.3192815249266862,0.2763929618768328,0.4148487695737187,0.32074780058651026,-0.3914047970007078,0.19904692082111436,0.156158357771261,-0.27033964958006845,0.21480938416422288,0.10887096774193548,-0.187316715542522,0.26759530791788855,0.3189149560117302,0.07409446735133118,-0.18621700879765396,-0.17395289230789535,-0.16825513196480937,-0.541871921182266,-0.434344850694941,-0.4403940886699507,-0.5399014778325123,-0.21537897625055533,-0.019429933176645844,-0.08469294367788689,0.03612690808970264,-0.20766129032258066,0.19959677419354838,-0.45115150021729206,0.2141037098032412,-0.04838709677419355,0.18475073313782991,-0.22250733137829912,0.45857771260997066,0.05571847507331378,0.13977970427508957,0.437683284457478,0.06093986012180085,-0.12995608724769578,-0.1228075425250719,0.08663739149846386,0.09397954332036758,0.082966315587512,-0.1664228320396647,0.3004447587264743,-0.13335814910720115,-0.17180635263254698,-0.026431746558853383,0.43621700879765396,-0.25733137829912023,0.4182551319648094,0.17211987974406082,0.15469208211143695,-0.4538123167155425,-0.0718475073313783,0.3629032258064516,-0.16715542521994134,0.23497067448680353,-0.4178885630498534,0.4439149560117302,0.15469208211143695,0.43218475073313783,-0.1436950146627566,0.15395894428152493,-0.30095307917888564,0.5245601173020528,-0.35153958944281527,0.050953079178885634,0.5139296187683284,0.025293255131964808,0.3555718475073314,0.2434017595307918,1.0,-0.4343841642228739,0.10813782991202346,0.04142228739002932,0.19904692082111436,0.35447214076246336,0.3625366568914956,0.08834310850439883,0.26099706744868034,0.1814516129032258,0.46994134897360706,-0.05571847507331378,0.1594574780058651,-0.0373900293255132,0.218841642228739,0.053885630498533725,-0.25733137829912023,-0.2972873900293255,-0.18511730205278593,-0.2525659824046921,-0.2972873900293255,-0.2320381231671554,-0.22250733137829912,0.4607771260997067,0.20234604105571846,-0.04838709677419355,0.44941348973607037,0.24853372434017595,0.18475073313782991
leaf_nut_Mo_May,-0.23277126099706744,-0.1348973607038123,-0.2960586667527864,-0.2892228739002933,0.32989273180640233,-0.24853372434017595,-0.29435483870967744,0.30912751234590435,-0.10520527859237537,0.010997067448680353,0.4567448680351906,-0.1528592375366569,-0.23387096774193547,-0.00953691163928025,0.04875366568914956,0.20694711845691657,0.0010997067448680353,0.5443349753694581,0.4370443214885702,0.6029556650246305,0.5517241379310345,0.18348455763983482,0.05682338947886992,0.031164070184503834,-0.14689164152209042,-0.0012096774193548388,-0.18306451612903227,0.3295112217935163,-0.14580407408784785,-0.07624633431085044,-0.28519061583577715,0.3420087976539589,-0.2635630498533724,-0.23020527859237536,-0.2778072952653939,-0.25219941348973607,0.09691640404912906,0.14684303643807434,0.0818716950167146,0.027165961741043753,-0.18061693481883143,-0.10279012550665204,0.009572994763343544,-0.18335966892865713,0.2362239390521497,0.05139506275332602,-0.018355379554759292,-0.2895894428152493,0.4094574780058651,-0.38269794721407624,-0.1763358086408802,0.030058651026392963,0.3405425219941349,0.19794721407624633,-0.2862903225806452,-0.21077712609970675,-0.06634897360703812,0.3966275659824047,-0.28848973607038125,0.004032258064516129,-0.1499266862170088,0.10117302052785923,-0.012463343108504398,0.3218475073313783,-0.3999266862170088,0.29215542521994137,0.0036656891495601175,-0.3815982404692082,-0.12133431085043989,-0.22617302052785923,-0.2404692082111437,-0.4343841642228739,1.0,-0.039589442815249266,0.12939882697947214,-0.17631964809384165,-0.18621700879765396,-0.38049853372434017,0.04875366568914956,-0.1748533724340176,-0.0032991202346041057,-0.19464809384164222,0.3020527859237537,-0.09310850439882698,0.26466275659824046,-0.19831378299120234,0.3057184750733138,0.5161290322580645,0.3053519061583578,0.5168621700879765,0.2895894428152493,0.024560117302052785,-0.12426686217008798,0.3420087976539589,-0.3189149560117302,-0.28848973607038125,-0.07624633431085044,-0.20124633431085043,-0.21041055718475074,-0.28519061583577715
leaf_nut_Na_March,0.015029325513196481,0.019428152492668622,0.017598533751249222,-0.056085043988269793,-0.08227728465480344,-0.047653958944281524,-0.15395894428152493,-0.13830419753878864,-0.15249266862170088,-0.14736070381231672,-0.14589442815249268,-0.007331378299120235,0.05755131964809384,-0.12196242769464168,-0.218475073313783,-0.034643937456472304,-0.20637829912023462,-0.12610837438423644,0.02537502546011464,-0.06995073891625615,-0.1394088669950739,-0.15653927295146747,-0.09073412190980842,-0.1400549977703584,0.11571613707919981,-0.1963709677419355,0.09758064516129032,0.2119072723672112,-0.02080285400495809,-0.41275659824046923,-0.06634897360703812,-0.49450146627565983,-0.14736070381231672,-0.15029325513196481,-0.09227796633202291,-0.09457478005865103,0.06534515121494308,-0.09985326477789055,-0.10233961877089325,0.06093986012180085,-0.1945670232804485,0.16152734008188177,-0.105302942396779,0.19293266369200068,-0.13776668296198466,-0.3656391607308051,-0.2283409216612056,-0.006964809384164223,-0.625,0.09970674486803519,0.3282925501827614,-0.03848973607038123,-0.20857771260997068,-0.16972140762463342,-0.0872434017595308,0.32111436950146627,0.11033724340175953,0.05791788856304985,0.15175953079178886,-0.050953079178885634,0.012463343108504398,-0.20821114369501467,-0.2969208211143695,-0.10850439882697947,0.09310850439882698,-0.1378299120234604,-0.0593841642228739,-0.041788856304985335,-0.3189149560117302,-0.11400293255131964,0.1469941348973607,0.10813782991202346,-0.039589442815249266,1.0,-0.1495601173020528,0.2151759530791789,-0.016495601173020527,-0.156524926686217,0.23643695014662758,-0.07587976539589443,0.0032991202346041057,0.1184017595307918,-0.2719941348973607,-0.054252199413489736,0.18658357771260997,-0.050953079178885634,-0.16715542521994134,-0.01686217008797654,0.0007331378299120235,0.03775659824046921,-0.059750733137829914,-0.0036656891495601175,-0.06818181818181818,-0.49450146627565983,-0.04398826979472141,0.24303519061583578,-0.41275659824046923,-0.02749266862170088,0.2056451612903226,-0.06634897360703812
leaf_nut_Na_May,-0.2371700879765396,-0.10813782991202346,-0.03923006482049306,-0.21297653958944282,0.13732470605480288,-0.2320381231671554,-0.23973607038123168,0.11891026615587068,-0.05205278592375367,-0.025659824046920823,0.2558651026392962,-0.250733137829912,-0.24890029325513197,-0.29747828228678014,0.08357771260997067,-0.0023829163329848677,0.08504398826979472,0.19852216748768473,0.33284474885448245,0.2684729064039409,0.20591133004926107,-0.12189533549499515,0.0538905693767347,-0.2707607744853657,0.3687878790273706,0.0068548387096774195,0.10766129032258065,0.07907535445044851,-0.013070819773026763,-0.16495601173020527,-0.3035190615835777,0.17668621700879766,-0.2056451612903226,-0.44538123167155425,-0.34107805277152775,-0.17925219941348974,-0.13362716315864764,0.04845820202456453,0.0,0.0440529109314223,-0.14096931498055137,-0.008076367004094089,-0.1782049794407029,0.0029455368502595523,0.013592979385582488,-0.034508113562947466,-0.04111605020266081,-0.10153958944281524,-0.026759530791788857,-0.15542521994134897,-0.11712950282902541,0.0076979472140762464,-0.014296187683284457,0.16495601173020527,-0.2965542521994135,-0.1466275659824047,-0.09640762463343108,0.12353372434017595,0.08614369501466276,0.22030791788856305,0.030058651026392963,-0.0436217008797654,0.15872434017595308,0.09494134897360704,-0.01686217008797654,0.1282991202346041,-0.26832844574780057,-0.03225806451612903,-0.3251466275659824,-0.09824046920821114,-0.2467008797653959,0.04142228739002932,0.12939882697947214,-0.1495601173020528,1.0,-0.009897360703812317,-0.10740469208211144,-0.16495601173020527,-0.2569648093841642,-0.050586510263929615,0.11070381231671554,-0.13892961876832843,-0.08211143695014662,-0.08247800586510264,-0.08101173020527859,-0.1909824046920821,0.4189882697947214,0.2653958944281525,0.0076979472140762464,0.23570381231671556,0.016129032258064516,0.09787390029325513,-0.010997067448680353,0.17668621700879766,0.0076979472140762464,-0.19868035190615835,-0.16495601173020527,-0.022360703812316716,-0.1594574780058651,-0.3035190615835777
leaf_nut_Ni_March,-0.187316715542522,-0.2368035190615836,-0.22529789562797184,-0.21041055718475074,0.22312816005195504,-0.24120234604105573,-0.1942815249266862,0.20353833037223992,-0.33687683284457476,-0.1777859237536657,0.15505865102639296,-0.2558651026392962,-0.26173020527859236,-0.01503897604655732,0.004032258064516129,0.056273485709719566,0.0021994134897360706,0.14630541871921182,0.25968909034713067,0.07192118226600985,0.14039408866995073,0.07148748998954603,0.4362569901926142,-0.10119156906968303,0.09444343992993329,0.15120967741935484,0.10927419354838709,0.2511697453426079,0.42360501827795183,-0.40762463343108507,-0.050953079178885634,-0.3376099706744868,-0.2785923753665689,-0.06708211143695014,-0.24880008643950483,-0.3035190615835777,0.02569753137666301,-0.038179189473899325,-0.034113206256964415,0.0,0.11013227732855575,0.2973571487871005,0.09572994763343545,0.36082826415679514,-0.09478347787784545,-0.31497831315966945,-0.30029400951586205,-0.03702346041055719,-0.1000733137829912,-0.08247800586510264,0.05407387063311815,0.2716275659824047,-0.04912023460410557,-0.33027859237536655,-0.3412756598240469,0.10153958944281524,-0.187683284457478,0.3405425219941349,-0.10740469208211144,0.6000733137829912,-0.20711143695014664,-0.060117302052785926,-0.40212609970674484,0.22397360703812316,-0.11143695014662756,-0.16202346041055718,-0.4934017595307918,-0.18878299120234604,-0.4703079178885631,-0.26759530791788855,-0.19941348973607037,0.19904692082111436,-0.17631964809384165,0.2151759530791789,-0.009897360703812317,1.0,-0.1942815249266862,-0.3002199413489736,-0.17008797653958943,0.21041055718475074,-0.1598240469208211,-0.12939882697947214,-0.18841642228739003,-0.24743401759530792,-0.25109970674486803,0.19794721407624633,-0.17925219941348974,0.32697947214076245,0.14589442815249268,0.3548387096774194,0.14112903225806453,-0.005865102639296188,0.14736070381231672,-0.3376099706744868,-0.007331378299120235,-0.09420821114369501,-0.40762463343108507,-0.07587976539589443,-0.10190615835777127,-0.050953079178885634
leaf_nut_Ni_May,0.3596041055718475,0.3152492668621701,0.45096242737576137,0.39846041055718473,-0.5261828251971477,0.4270527859237537,0.3618035190615836,-0.5406792991601369,0.14002932551319647,-0.0656158357771261,-0.3500733137829912,0.3629032258064516,0.48240469208211145,0.31526829053697597,0.07038123167155426,-0.09714966588322922,0.08431085043988269,-0.3758620689655172,-0.36334876882249256,-0.31970443349753697,-0.35763546798029555,-0.16057190059190338,-0.365502705228602,0.41943172107143983,-0.21914545770149568,-0.14919354838709678,-0.015725806451612902,-0.23924422785008087,-0.18777797420404646,0.5190615835777126,0.3225806451612903,0.1781524926686217,0.5582844574780058,0.10153958944281524,0.364634242489196,0.5428885630498533,-0.04845820202456453,-0.12261393542579208,-0.027290565005571532,-0.11820864433264984,0.04845820202456453,0.21953033947492115,-0.050074126454412386,0.21134226900612288,-0.09772250044770112,0.006607936639713346,-0.07562416376560828,0.4156891495601173,-0.1744868035190616,0.39919354838709675,0.2170286875580064,-0.25843108504398826,-0.4149560117302053,-0.13233137829912023,0.6726539589442815,-0.1656891495601173,0.24780058651026393,-0.3409090909090909,0.5663489736070382,-0.16385630498533724,0.751466275659824,0.13563049853372433,0.0186950146627566,-0.2965542521994135,0.5494868035190615,0.13013196480938416,0.11693548387096774,0.5535190615835777,0.3086510263929619,0.5703812316715543,0.4604105571847507,0.35447214076246336,-0.18621700879765396,-0.016495601173020527,-0.10740469208211144,-0.1942815249266862,1.0,0.5410557184750733,-0.30791788856304986,0.009164222873900294,0.21774193548387097,0.5029325513196481,-0.187683284457478,0.36986803519061584,-0.06634897360703812,0.2873900293255132,-0.2624633431085044,-0.3969941348973607,-0.24266862170087977,-0.3845307917888563,-0.20967741935483872,0.0971407624633431,-0.3416422287390029,0.1781524926686217,0.17925219941348974,0.5249266862170088,0.5190615835777126,0.15175953079178886,0.5538856304985337,0.3225806451612903
leaf_nut_P_March,0.7628299120234604,0.6678885630498533,0.8476627090185043,0.8185483870967742,-0.7581264086049745,0.842375366568915,0.7716275659824047,-0.7326596300213449,0.6173020527859238,0.32991202346041054,-0.6099706744868035,0.7624633431085044,0.8665689149560117,0.4669418660309138,0.0021994134897360706,-0.09879937719068028,0.09310850439882698,-0.683743842364532,-0.8103811322474909,-0.6881773399014778,-0.6719211822660098,-0.06837136863102736,-0.11089726011198807,0.4647112818689248,-0.3137722829516813,-0.4120967741935484,-0.1588709677419355,-0.6714983695792147,-0.12279206744519508,0.5128299120234604,0.5098973607038123,0.009897360703812317,0.8526392961876833,-0.005131964809384164,0.7101899180996194,0.8016862170087976,-0.16152734008188177,0.054331923482087506,0.04775848875975018,-0.03083703765199561,-0.14243774534493212,-0.09618218886693869,-0.19072351105430602,-0.0861569528700919,-0.11645876933053104,-0.06828201194370456,-0.032305468016376356,0.4629765395894428,-0.3214809384164223,0.531524926686217,0.3922646886605859,-0.41275659824046923,-0.6004398826979472,-0.1627565982404692,0.8255131964809385,-0.33614369501466274,0.3467741935483871,-0.7452346041055719,0.4571114369501466,-0.22763929618768328,0.312316715542522,-0.16825513196480937,0.17558651026392963,-0.5978739002932552,0.5828445747800587,-0.012829912023460411,0.5667155425219942,0.7071114369501467,0.49560117302052786,0.8027859237536656,0.7697947214076246,0.3625366568914956,-0.38049853372434017,-0.156524926686217,-0.16495601173020527,-0.3002199413489736,0.5410557184750733,1.0,0.08760997067448681,-0.10850439882697947,0.2961876832844575,0.5296920821114369,-0.12903225806451613,0.656891495601173,-0.010263929618768328,0.15579178885630499,-0.39222873900293254,-0.6763196480938416,-0.499266862170088,-0.6011730205278593,-0.46114369501466274,0.17705278592375367,-0.4431818181818182,0.009897360703812317,0.2837243401759531,0.6136363636363636,0.5128299120234604,0.14002932551319647,0.6667888563049853,0.5098973607038123
leaf_nut_P_May,0.2283724340175953,0.18951612903225806,0.1281393238762834,0.21480938416422288,-0.040746845733807414,0.14112903225806453,0.03262463343108504,0.09050501312028378,0.3658357771260997,0.3519061583577713,-0.11546920821114369,0.16715542521994134,0.17008797653958943,-0.06382394712441398,-0.06708211143695014,-0.21611218127608914,-0.053519061583577714,-0.296551724137931,-0.265357979013752,-0.24088669950738917,-0.29310344827586204,-0.030244707303269475,0.009898267844706373,-0.19706691440200952,-0.21529436597619744,-0.1403225806451613,-0.08024193548387097,-0.1750299028903199,0.05927892911147349,0.033357771260997066,0.3346774193548387,-0.39589442815249265,-0.05461876832844575,-0.03995601173020528,0.0893577775240475,-0.07881231671554252,0.013950088461617062,0.01248165809723632,-0.034113206256964415,0.10058747996008092,-0.16519841599283364,-0.3942735528362296,-0.15832260570145093,-0.4374122222635435,-0.039676804693051584,-0.3348021230788095,-0.0440529109314223,-0.009164222873900294,-0.13013196480938416,0.18328445747800587,0.1292273857503332,0.12060117302052786,0.07331378299120235,0.08577712609970674,0.060117302052785926,0.11326979472140762,0.14406158357771262,-0.2925219941348974,-0.1092375366568915,-0.10997067448680352,-0.16129032258064516,-0.10483870967741936,0.054252199413489736,-0.25843108504398826,-0.04582111436950147,-0.32697947214076245,0.43621700879765396,0.07441348973607038,0.11033724340175953,-0.059750733137829914,0.19171554252199413,0.08834310850439883,0.04875366568914956,0.23643695014662758,-0.2569648093841642,-0.17008797653958943,-0.30791788856304986,0.08760997067448681,1.0,-0.08247800586510264,0.17668621700879766,0.11473607038123167,0.311950146627566,-0.1781524926686217,0.18878299120234604,-0.07697947214076246,0.08284457478005865,-0.008064516129032258,-0.1942815249266862,0.02346041055718475,-0.22140762463343108,-0.19978005865102638,-0.08174486803519061,-0.39589442815249265,0.0373900293255132,-0.14222873900293256,0.033357771260997066,0.11070381231671554,-0.12353372434017595,0.3346774193548387
leaf_nut_Pb_March,-0.25733137829912023,-0.32074780058651026,-0.08945921323551688,-0.20087976539589442,0.22018968559999777,-0.2126099706744868,-0.27749266862170086,0.2436974812156559,-0.2620967741935484,-0.09934017595307917,0.01063049853372434,-0.3288123167155425,-0.17888563049853373,0.05795507842331845,0.05828445747800586,-0.022179452022397614,0.03152492668621701,0.013793103448275862,0.11445756164987879,0.0004926108374384236,0.0019704433497536944,-0.02877829725220186,0.032261021123487436,-0.08817598681615496,0.29396666836443314,0.42096774193548386,0.3282258064516129,-0.08237780544837907,0.24540003883724895,-0.12683284457478006,0.062316715542521994,-0.218475073313783,0.018328445747800588,0.028225806451612902,-0.3136282779765589,0.04435483870967742,0.11527178360388836,-0.09471375850255795,-0.1228075425250719,0.11527178360388836,0.31277566761309833,-0.005873721457522974,-0.025037063227206193,0.20103289003021443,-0.19030171139815483,0.036710759109518584,-0.014684303643807434,-0.1348973607038123,-0.08504398826979472,-0.3420087976539589,-0.07698652768104956,0.38343108504398826,0.12023460410557185,0.1466275659824047,-0.05718475073313783,0.24780058651026393,-0.08651026392961877,0.23423753665689148,0.07258064516129033,0.07771260997067449,0.062316715542521994,0.009164222873900294,0.125,0.500733137829912,0.0813782991202346,-0.4670087976539589,-0.12939882697947214,-0.1348973607038123,0.012096774193548387,-0.17595307917888564,-0.13013196480938416,0.26099706744868034,-0.1748533724340176,-0.07587976539589443,-0.050586510263929615,0.21041055718475074,0.009164222873900294,-0.10850439882697947,-0.08247800586510264,1.0,0.08394428152492668,-0.21664222873900293,0.13966275659824046,-0.1689882697947214,-0.3969941348973607,-0.1184017595307918,0.11070381231671554,0.1092375366568915,-0.03152492668621701,0.1433284457478006,-0.02932551319648094,-0.2727272727272727,0.13929618768328444,-0.218475073313783,0.17412023460410558,-0.03372434017595308,-0.12683284457478006,0.22470674486803519,-0.09530791788856305,0.062316715542521994
leaf_nut_Pb_May,0.16165689149560117,0.12903225806451613,0.2779101788218106,0.26099706744868034,-0.40413818629252257,0.2628299120234604,0.16495601173020527,-0.37906320430248724,0.17265395894428154,0.09200879765395895,-0.2991202346041056,0.17265395894428154,0.27052785923753664,0.3673545002591989,0.11510263929618768,-0.04142608394266001,0.16202346041055718,-0.28472906403940884,-0.28020506837871273,-0.2,-0.28866995073891627,-0.03812666132775788,0.19008340286963904,0.11714024028175264,0.020539155868257337,-0.10201612903225807,-0.2645161290322581,-0.19796359037594882,-0.10511884634363777,0.19904692082111436,0.06085043988269795,0.09640762463343108,0.30791788856304986,-0.08760997067448681,0.0864375887160721,0.36436950146627567,-0.12408236579017282,-0.10939806214636538,-0.04775848875975018,-0.027165961741043753,0.16446420081064325,-0.06975044230808532,0.28866261132543614,-0.04712858960415284,-0.12417370357640217,-0.12628501133674394,-0.17180635263254698,0.21151026392961877,-0.08651026392961877,0.4219208211143695,0.1594720930536027,-0.07074780058651027,-0.24120234604105573,0.0373900293255132,0.4274193548387097,-0.11326979472140762,0.4512463343108504,-0.34274193548387094,0.5846774193548387,-0.17705278592375367,0.2866568914956012,-0.15359237536656892,0.4442815249266862,-0.16788856304985336,0.5703812316715543,-0.22067448680351906,0.18658357771260997,0.3973607038123167,0.26099706744868034,0.3519061583577713,0.36070381231671556,0.1814516129032258,-0.0032991202346041057,0.0032991202346041057,0.11070381231671554,-0.1598240469208211,0.21774193548387097,0.2961876832844575,0.17668621700879766,0.08394428152492668,1.0,0.24780058651026393,0.25806451612903225,0.19464809384164222,-0.038856304985337244,0.05498533724340176,0.125,-0.36033724340175954,-0.4087243401759531,-0.3405425219941349,-0.41642228739002934,-0.22287390029325513,-0.1660557184750733,0.09640762463343108,0.18291788856304986,0.37280058651026393,0.19904692082111436,0.2631964809384164,0.31781524926686217,0.06085043988269795
leaf_nut_S_March,0.39956011730205276,0.3068181818181818,0.4377635270623244,0.4211876832844575,-0.5559593663103146,0.34017595307917886,0.21810850439882698,-0.5649706879629836,0.23240469208211142,-0.015029325513196481,-0.3944281524926686,0.3903958944281525,0.48497067448680353,0.340210982516632,-0.4215542521994135,-0.28320044111243237,-0.38929618768328444,-0.40935960591133,-0.386024323488978,-0.31822660098522165,-0.3955665024630542,-0.2109797460973525,0.15525616415678328,0.1380384991113611,-0.26114069603927187,-0.4403225806451613,-0.3810483870967742,-0.36602165227063754,-0.1187419542760882,0.1693548387096774,0.3555718475073314,-0.14442815249266863,0.5351906158357771,-0.0872434017595308,0.3352376751555769,0.5293255131964809,0.23054356720777672,-0.3245231105281443,-0.2729056500557153,0.1064612014176039,-0.1064612014176039,0.21659347874615964,0.007363842125648881,0.17525944259044335,-0.07053654167653615,-0.29442028805833903,-0.10792963178198464,0.7712609970674487,-0.34347507331378296,0.5450879765395894,0.34075703561683607,-0.011730205278592375,-0.4079912023460411,-0.12646627565982405,0.6030058651026393,-0.3060850439882698,0.15505865102639296,-0.44941348973607037,0.4112903225806452,0.04472140762463343,0.42558651026392963,0.06195014662756598,0.15762463343108504,-0.4541788856304985,0.4842375366568915,0.17888563049853373,0.2730938416422287,0.6880498533724341,0.1627565982404692,0.5102639296187683,0.5128299120234604,0.46994134897360706,-0.19464809384164222,0.1184017595307918,-0.13892961876832843,-0.12939882697947214,0.5029325513196481,0.5296920821114369,0.11473607038123167,-0.21664222873900293,0.24780058651026393,1.0,-0.008797653958944282,0.2250733137829912,0.06488269794721407,0.3563049853372434,-0.1528592375366569,-0.4043255131964809,-0.41678885630498536,-0.39259530791788855,-0.37316715542521994,0.020161290322580645,-0.39002932551319647,-0.14442815249266863,0.006231671554252199,0.39296187683284456,0.1693548387096774,0.012096774193548387,0.4596774193548387,0.3555718475073314
leaf_nut_S_May,-0.07881231671554252,-0.13013196480938416,-0.14830431046625647,-0.07661290322580645,0.37632062814732714,-0.1433284457478006,-0.2159090909090909,0.4198100500362947,0.16532258064516128,0.3053519061583578,0.4303519061583578,-0.16348973607038123,-0.20344574780058652,0.2611646571987515,0.05278592375366569,-0.004215928896819381,0.051319648093841645,0.2704433497536946,0.22702549374421713,0.3019704433497537,0.2729064039408867,0.32682614013169375,0.15653927295146747,0.008799266875624611,-0.15807814605748058,-0.2056451612903226,-0.3649193548387097,0.03999635097493683,0.09830729237741255,-0.07844574780058651,-0.12133431085043989,0.020894428152492667,-0.15359237536656892,-0.08284457478005865,-0.33913126023287743,-0.17155425219941348,-0.20925132692425594,0.10499277105322315,0.11598490127367901,-0.07195308785465643,-0.09985326477789055,-0.13436137834083803,0.015464068463862649,-0.10677571082190877,-0.0646584965368248,-0.11747442915045947,-0.034508113562947466,-0.10373900293255132,0.5351906158357771,-0.2159090909090909,-0.2788012109592295,0.4468475073313783,0.4413489736070381,0.024193548387096774,0.04985337243401759,-0.012829912023460411,-0.062683284457478,-0.030791788856304986,-0.21627565982404692,0.016495601173020527,0.026392961876832845,-0.015029325513196481,0.4156891495601173,0.04105571847507331,-0.06818181818181818,0.1059384164222874,0.04838709677419355,-0.20381231671554254,0.3460410557184751,-0.28189149560117305,-0.16642228739002932,-0.05571847507331378,0.3020527859237537,-0.2719941348973607,-0.08211143695014662,-0.18841642228739003,-0.187683284457478,-0.12903225806451613,0.311950146627566,0.13966275659824046,0.25806451612903225,-0.008797653958944282,1.0,-0.37280058651026393,-0.015762463343108504,-0.13856304985337242,0.2529325513196481,0.23313782991202345,0.10960410557184751,0.2368035190615836,0.11217008797653959,-0.38636363636363635,0.1378299120234604,0.020894428152492667,-0.04105571847507331,-0.43878299120234604,-0.07844574780058651,0.12683284457478006,-0.3999266862170088,-0.12133431085043989
leaf_nut_Si_March,0.4662756598240469,0.43218475073313783,0.6452795708791382,0.5472873900293255,-0.702883088908178,0.6381964809384164,0.5263929618768328,-0.7549920358562201,0.34237536656891493,0.06928152492668621,-0.5509530791788856,0.5714809384164223,0.5989736070381232,0.1947730800176082,0.004032258064516129,0.024928970868149384,0.08027859237536657,-0.5950738916256157,-0.7123903424387503,-0.6103448275862069,-0.5955665024630542,-0.09733296713961266,-0.1341765196726864,0.35637030846279677,-0.31762337467697954,-0.13629032258064516,0.05766129032258065,-0.42399801423430744,-0.06903601992795826,0.45821114369501464,0.24413489736070382,0.2404692082111437,0.7456011730205279,0.17631964809384165,0.5750825159172904,0.7459677419354839,0.053597708299897136,0.2437594404872034,0.17056603128482206,-0.020558025101330406,0.09324532813817721,-0.21585926356396928,-0.08173864759470258,-0.16568644782709982,0.18626055536460326,0.223201415385873,0.05212927793551639,0.25513196480938416,-0.2796920821114369,0.42338709677419356,0.2456236835538248,-0.6433284457478006,-0.47580645161290325,-0.17998533724340177,0.5249266862170088,-0.4241202346041056,0.47543988269794724,-0.375366568914956,0.3552052785923754,-0.35080645161290325,0.15395894428152493,-0.14112903225806453,0.10777126099706745,-0.24853372434017595,0.3944281524926686,-0.10850439882697947,0.5175953079178885,0.4717741935483871,0.18988269794721407,0.6462609970674487,0.5465542521994134,0.1594574780058651,-0.09310850439882698,-0.054252199413489736,-0.08247800586510264,-0.24743401759530792,0.36986803519061584,0.656891495601173,-0.1781524926686217,-0.1689882697947214,0.19464809384164222,0.2250733137829912,-0.37280058651026393,1.0,0.14039589442815248,0.053519061583577714,-0.3691348973607038,-0.6217008797653959,-0.36766862170087977,-0.5865102639296188,-0.3592375366568915,0.21004398826979473,-0.594574780058651,0.2404692082111437,0.32074780058651026,0.5806451612903226,0.45821114369501464,0.13049853372434017,0.6616568914956011,0.24413489736070382
leaf_nut_Si_May,0.2283724340175953,0.24816715542521994,0.18515124050793452,0.1774193548387097,-0.13712880775800573,0.14772727272727273,0.08211143695014662,-0.10186711433451855,0.17302052785923755,0.0469208211143695,0.1184017595307918,0.2987536656891496,0.17631964809384165,0.10949108170481366,-0.2250733137829912,0.04582531409586284,-0.1774193548387097,-0.09556650246305419,-0.15252009984005074,-0.0645320197044335,-0.10837438423645321,-0.007515351511721505,-0.10943085006092046,0.19083410036510876,-0.4458097135333356,-0.13588709677419356,0.2060483870967742,-0.07192004395493229,-0.2691484296924666,0.028958944281524925,-0.08101173020527859,0.03848973607038123,0.04875366568914956,-0.030058651026392963,0.12303728844269722,0.045087976539589444,0.04331869574923193,0.0007342151821903717,-0.04775848875975018,0.1218797202436017,-0.036710759109518584,-0.16226155526407215,0.19366904790456554,-0.17525944259044335,0.2119770028508404,0.3237888953459539,0.2694569718638664,0.011363636363636364,-0.06304985337243402,0.1059384164222874,0.22252772524950995,-0.24596774193548387,-0.10887096774193548,0.09310850439882698,0.010263929618768328,-0.2635630498533724,0.2001466275659824,0.02785923753665689,0.06414956011730205,-0.16642228739002932,-0.14442815249266863,-0.2866568914956012,-0.12316715542521994,-0.14516129032258066,0.10850439882697947,0.10777126099706745,0.12280058651026393,-0.015029325513196481,0.16825513196480937,0.05241935483870968,0.013929618768328446,-0.0373900293255132,0.26466275659824046,0.18658357771260997,-0.08101173020527859,-0.25109970674486803,-0.06634897360703812,-0.010263929618768328,0.18878299120234604,-0.3969941348973607,-0.038856304985337244,0.06488269794721407,-0.015762463343108504,0.14039589442815248,1.0,0.0032991202346041057,-0.09970674486803519,0.12646627565982405,0.13856304985337242,0.08944281524926687,0.11326979472140762,-0.12280058651026393,-0.14809384164222875,0.03848973607038123,0.02785923753665689,0.013929618768328446,0.028958944281524925,0.07661290322580645,0.0373900293255132,-0.08101173020527859
leaf_nut_Zn_March,-0.024926686217008796,-0.1158357771260997,0.04179651765921691,0.01686217008797654,-0.32186090163771913,-0.013563049853372434,0.0872434017595308,-0.3246034777928793,-0.23497067448680353,-0.3086510263929619,-0.3214809384164223,0.02785923753665689,0.15029325513196481,0.032645582149843935,-0.24120234604105573,-0.13930895485142303,-0.2250733137829912,-0.20541871921182267,-0.22513586418867668,-0.2103448275862069,-0.19507389162561575,-0.12464485434074692,0.1492072226961294,-0.019431714350337685,-0.07280397214016217,-0.14838709677419354,-0.14516129032258066,-0.2786901703253626,0.0911275463049049,0.32331378299120234,0.3618035190615836,-0.022727272727272728,0.2595307917888563,0.24486803519061584,0.3480865059106687,0.22140762463343108,0.41923686903070223,-0.16079312489969141,-0.054581130011143064,-0.0910426825916061,0.19603545364482924,-0.02129224028352078,0.07584757389418346,-0.05228327909210705,0.13813406078321663,0.005873721457522974,0.024229101012282265,0.5359237536656891,-0.10263929618768329,0.3614369501466276,-0.07991934778318478,-0.26099706744868034,-0.12683284457478006,-0.3324780058651026,0.3621700879765396,-0.22580645161290322,-0.04105571847507331,-0.04032258064516129,0.3090175953079179,-0.08541055718475073,0.1469941348973607,0.49816715542521994,0.1059384164222874,-0.05241935483870968,0.3493401759530792,0.1279325513196481,0.026759530791788857,0.23973607038123168,0.1429618768328446,0.17155425219941348,0.22397360703812316,0.218841642228739,-0.19831378299120234,-0.050953079178885634,-0.1909824046920821,0.19794721407624633,0.2873900293255132,0.15579178885630499,-0.07697947214076246,-0.1184017595307918,0.05498533724340176,0.3563049853372434,-0.13856304985337242,0.053519061583577714,0.0032991202346041057,1.0,0.054252199413489736,-0.0971407624633431,0.2562316715542522,-0.10557184750733138,0.2837243401759531,0.12280058651026393,-0.14222873900293256,-0.022727272727272728,-0.20454545454545456,0.4468475073313783,0.32331378299120234,-0.1781524926686217,0.42595307917888564,0.3618035190615836
leaf_nut_Zn_May,-0.38892961876832843,-0.2906891495601173,-0.4137488612142656,-0.37976539589442815,0.3140249697658331,-0.4112903225806452,-0.3060850439882698,0.3108905970170787,-0.20161290322580644,-0.0780791788856305,0.33394428152492667,-0.34824046920821117,-0.31744868035190615,-0.17019719233177064,0.22104105571847507,0.18898359533133835,0.1381964809384164,0.2940886699507389,0.34175300247345886,0.33793103448275863,0.29507389162561576,0.1288607832375663,-0.002566217589368319,-0.22566453174778953,0.37172204415140736,0.05806451612903226,-0.13548387096774195,0.06311350796045079,0.12518531613603096,-0.18621700879765396,-0.2719941348973607,0.19648093841642228,-0.28555718475073316,0.013929618768328446,-0.40337541400833643,-0.22690615835777125,0.07121887267246606,-0.1013216951422713,-0.04775848875975018,-0.017621164372568922,0.08737160668065423,-0.035976543927328214,0.07437480546905369,-0.06038350543032082,-0.05437191754232995,0.002936860728761487,0.16005890971750103,-0.01906158357771261,0.20857771260997068,-0.18914956011730205,-0.2894326838294697,0.3405425219941349,0.27419354838709675,0.24303519061583578,-0.19171554252199413,-0.10777126099706745,-0.2716275659824047,0.14406158357771262,-0.005498533724340176,-0.03555718475073314,0.05205278592375367,0.1935483870967742,0.4222873900293255,0.2840909090909091,-0.051319648093841645,0.05278592375366569,-0.16019061583577712,-0.17521994134897362,-0.09237536656891496,-0.21957478005865103,-0.2558651026392962,0.053885630498533725,0.3057184750733138,-0.16715542521994134,0.4189882697947214,-0.17925219941348974,-0.2624633431085044,-0.39222873900293254,0.08284457478005865,0.11070381231671554,0.125,-0.1528592375366569,0.2529325513196481,-0.3691348973607038,-0.09970674486803519,0.054252199413489736,1.0,0.35153958944281527,0.06414956011730205,0.30425219941348974,0.0656158357771261,-0.2155425219941349,0.1279325513196481,0.19648093841642228,-0.12463343108504399,-0.28848973607038125,-0.18621700879765396,0.06304985337243402,-0.3097507331378299,-0.2719941348973607
leaf_no3_mg NO3-/ 100 mg DW_March,-0.5241935483870968,-0.4783724340175953,-0.5974335572429293,-0.5718475073313783,0.7167918679807757,-0.5714809384164223,-0.530791788856305,0.6846645473060429,-0.4120234604105572,-0.15469208211143695,0.6906158357771262,-0.5590175953079178,-0.5747800586510264,-0.1606602806924904,0.008064516129032258,0.034277334943705405,-0.07368035190615836,0.7152709359605911,0.7588212400891728,0.716256157635468,0.7078817733990148,0.18091834005046648,0.22399413530057755,-0.227497712346878,0.22042915494326176,0.1532258064516129,0.059274193548387095,0.44784904921936153,0.12757856482686686,-0.46187683284457476,-0.38892961876832843,0.005131964809384164,-0.6466275659824047,-0.29802052785923755,-0.5863739126414621,-0.6433284457478006,0.05139506275332602,-0.017621164372568922,-0.1569207487820363,0.26505168077072416,-0.08149788522313126,0.13656402388740913,0.019882373739251977,0.105302942396779,0.051800272793706234,0.06240829048618159,0.09030846740941571,-0.4318181818181818,0.32001466275659823,-0.5417888563049853,-0.19393272925369154,0.3497067448680352,0.4336510263929619,0.016495601173020527,-0.5971407624633431,0.028958944281524925,-0.5087976539589443,0.6686217008797654,-0.3837976539589443,0.3966275659824047,-0.313049853372434,0.10740469208211144,-0.187316715542522,0.47947214076246336,-0.4769061583577713,0.2587976539589443,-0.499633431085044,-0.6202346041055719,-0.32697947214076245,-0.5978739002932552,-0.5612170087976539,-0.25733137829912023,0.5161290322580645,-0.01686217008797654,0.2653958944281525,0.32697947214076245,-0.3969941348973607,-0.6763196480938416,-0.008064516129032258,0.1092375366568915,-0.36033724340175954,-0.4043255131964809,0.23313782991202345,-0.6217008797653959,0.12646627565982405,-0.0971407624633431,0.35153958944281527,1.0,0.4798387096774194,0.9571114369501467,0.4743401759530792,-0.07404692082111437,0.30388563049853373,0.005131964809384164,-0.2664956011730205,-0.5949413489736071,-0.46187683284457476,-0.18695014662756598,-0.625,-0.38892961876832843
leaf_no3_mg NO3-/ 100 mg DW_May,-0.4002932551319648,-0.35740469208211145,-0.41796517659216903,-0.49266862170087977,0.5081601818918098,-0.5102639296187683,-0.39882697947214074,0.5191304865124502,-0.34347507331378296,-0.09970674486803519,0.4835043988269795,-0.40505865102639294,-0.4868035190615836,-0.3468134598053645,-0.041788856304985335,0.08321877039808691,-0.08651026392961877,0.6389162561576355,0.5466428357099165,0.6275862068965518,0.6472906403940887,0.04435890404479523,0.03446063620008885,-0.24436297385849182,0.010269577934128669,0.031451612903225803,0.2508064516129032,0.3249244842963905,-0.025957543492912304,-0.09970674486803519,-0.19464809384164222,0.06964809384164222,-0.4831378299120235,0.11656891495601172,-0.2772232575037988,-0.532991202346041,0.2077828965598752,0.04038183502047044,0.09551697751950036,-0.12848765688331504,0.04478712611361267,-0.19603545364482924,-0.08910248972035145,-0.1848324373537869,0.13041912653734547,0.2657858959529146,0.12041128987922096,-0.3310117302052786,0.42631964809384165,-0.5153958944281525,-0.5416552126130988,0.09457478005865103,0.6085043988269795,0.053519061583577714,-0.4318181818181818,0.18841642228739003,-0.250733137829912,0.6407624633431085,-0.31451612903225806,0.1158357771260997,-0.14516129032258066,0.4307184750733138,-0.16165689149560117,0.501099706744868,-0.3812316715542522,0.2635630498533724,-0.23313782991202345,-0.6367302052785924,-0.03848973607038123,-0.5773460410557185,-0.6195014662756598,-0.2972873900293255,0.3053519061583578,0.0007331378299120235,0.0076979472140762464,0.14589442815249268,-0.24266862170087977,-0.499266862170088,-0.1942815249266862,-0.03152492668621701,-0.4087243401759531,-0.41678885630498536,0.10960410557184751,-0.36766862170087977,0.13856304985337242,0.2562316715542522,0.06414956011730205,0.4798387096774194,1.0,0.5296920821114369,0.9868035190615836,-0.13416422287390029,0.3387096774193548,0.06964809384164222,-0.3277126099706745,-0.28848973607038125,-0.09970674486803519,-0.15762463343108504,-0.29508797653958946,-0.19464809384164222
leaf_no3_mg NO3-/ g DW_March,-0.43548387096774194,-0.4010263929618768,-0.4997250313115144,-0.48533724340175954,0.6682090903750821,-0.5021994134897361,-0.4868035190615836,0.6591977687224132,-0.3185483870967742,-0.04105571847507331,0.7016129032258065,-0.4838709677419355,-0.4868035190615836,-0.15020635831866394,0.004032258064516129,0.07680322642466611,-0.06341642228739003,0.6911330049261084,0.7132001836768391,0.7177339901477833,0.6847290640394089,0.20786362473883382,0.24837320239957658,-0.21851512741134452,0.18540255877507292,0.035483870967741936,0.06088709677419355,0.41280637474132054,0.08431599233867969,-0.4406158357771261,-0.34017595307917886,-0.06158357771260997,-0.5791788856304986,-0.37683284457478006,-0.5340051933517698,-0.5978739002932552,0.02496331619447264,-0.02202645546571115,-0.17056603128482206,0.280470199596722,-0.12848765688331504,0.11527178360388836,-0.05743796858006127,0.09720271605856522,-0.009184445530798977,-0.02129224028352078,0.02129224028352078,-0.4446480938416422,0.31158357771260997,-0.5480205278592375,-0.1752360011025795,0.32038123167155425,0.40652492668621704,0.01063049853372434,-0.5384897360703812,0.024926686217008796,-0.5021994134897361,0.6381964809384164,-0.3519061583577713,0.39552785923753664,-0.33651026392961875,0.08174486803519061,-0.1660557184750733,0.4769061583577713,-0.45161290322580644,0.2151759530791789,-0.4640762463343108,-0.6473607038123167,-0.29838709677419356,-0.6074046920821115,-0.530425219941349,-0.18511730205278593,0.5168621700879765,0.03775659824046921,0.23570381231671556,0.3548387096774194,-0.3845307917888563,-0.6011730205278593,0.02346041055718475,0.1433284457478006,-0.3405425219941349,-0.39259530791788855,0.2368035190615836,-0.5865102639296188,0.08944281524926687,-0.10557184750733138,0.30425219941348974,0.9571114369501467,0.5296920821114369,1.0,0.5128299120234604,-0.14259530791788858,0.2782258064516129,-0.06158357771260997,-0.17851906158357772,-0.5172287390029325,-0.4406158357771261,-0.09640762463343108,-0.5377565982404692,-0.34017595307917886
leaf_no3_mg NO3-/ g DW_May,-0.40652492668621704,-0.3687683284457478,-0.41943172107143983,-0.4934017595307918,0.48798265732170326,-0.5157624633431085,-0.38599706744868034,0.4969939789743722,-0.3563049853372434,-0.1184017595307918,0.4574780058651026,-0.41019061583577715,-0.48826979472140764,-0.3475470683930015,-0.04655425219941349,0.03776005881499098,-0.0967741935483871,0.6448275862068965,0.534225270059222,0.6216748768472906,0.6536945812807882,0.01081477412662363,0.03556044373838956,-0.2383134778814999,-0.0014670825620183812,0.037096774193548385,0.22338709677419355,0.2528209708415732,-0.006259265806801548,-0.07917888563049853,-0.1374633431085044,0.0656158357771261,-0.45784457478005863,0.15029325513196481,-0.25483514330932067,-0.5084310850439883,0.2202645546571115,0.06607936639713345,0.11598490127367901,-0.13803245425178987,0.02496331619447264,-0.21732769392835002,-0.12739446877372562,-0.19072351105430602,0.17230019815778883,0.28193862996110275,0.10719541659979427,-0.29545454545454547,0.44538123167155425,-0.4912023460410557,-0.5299239322045579,0.09457478005865103,0.5832111436950147,0.06818181818181818,-0.4153225806451613,0.1660557184750733,-0.22030791788856305,0.6041055718475073,-0.3350439882697947,0.11400293255131964,-0.11986803519061584,0.4571114369501466,-0.19538123167155425,0.4802052785923754,-0.3878299120234604,0.2727272727272727,-0.23900293255131966,-0.5832111436950147,-0.026392961876832845,-0.531891495601173,-0.6121700879765396,-0.2525659824046921,0.2895894428152493,-0.059750733137829914,0.016129032258064516,0.14112903225806453,-0.20967741935483872,-0.46114369501466274,-0.22140762463343108,-0.02932551319648094,-0.41642228739002934,-0.37316715542521994,0.11217008797653959,-0.3592375366568915,0.11326979472140762,0.2837243401759531,0.0656158357771261,0.4743401759530792,0.9868035190615836,0.5128299120234604,1.0,-0.12756598240469208,0.3555718475073314,0.0656158357771261,-0.29508797653958946,-0.30095307917888564,-0.07917888563049853,-0.13343108504398826,-0.3148826979472141,-0.1374633431085044
leaf_rgb_CSI_December,0.15505865102639296,0.14589442815249268,0.23208066384459913,0.11400293255131964,-0.19531060190675958,0.19868035190615835,0.30168621700879766,-0.30305466514519264,0.019794721407624633,-0.1374633431085044,-0.3376099706744868,0.17595307917888564,0.24890029325513197,0.013021552430555727,-0.0007331378299120235,0.10063238975451479,0.0469208211143695,-0.14088669950738916,-0.16709724212564853,-0.18423645320197043,-0.13349753694581282,0.056640088222486465,0.047108422890546994,0.19266728096419722,0.09169266012614882,0.01129032258064516,-0.18548387096774194,0.03779471697631646,0.016200452676427536,0.03519061583577713,-0.006231671554252199,0.07038123167155426,0.20234604105571846,-0.08687683284457479,0.21979287761361577,0.23570381231671556,0.1218797202436017,0.1556536186243588,0.006822641251392883,0.1505141123490262,-0.3472837811760458,0.1321587327942669,-0.2393248690835886,0.03019175271516041,0.19691451218033007,-0.04845820202456453,-0.002936860728761487,0.05241935483870968,-0.19318181818181818,0.1381964809384164,0.26395380919216993,-0.4743401759530792,-0.35153958944281527,-0.2936217008797654,-0.005498533724340176,0.05535190615835777,-0.2126099706744868,-0.15175953079178886,-0.15175953079178886,-0.04032258064516129,-0.08321114369501466,0.045454545454545456,-0.2375366568914956,-0.35080645161290325,-0.1939149560117302,0.18585043988269795,0.017595307917888565,0.09787390029325513,-0.12023460410557185,0.2899560117302053,0.35153958944281527,-0.2972873900293255,0.024560117302052785,-0.0036656891495601175,0.09787390029325513,-0.005865102639296188,0.0971407624633431,0.17705278592375367,-0.19978005865102638,-0.2727272727272727,-0.22287390029325513,0.020161290322580645,-0.38636363636363635,0.21004398826979473,-0.12280058651026393,0.12280058651026393,-0.2155425219941349,-0.07404692082111437,-0.13416422287390029,-0.14259530791788858,-0.12756598240469208,1.0,-0.2969208211143695,0.07038123167155426,-0.5018328445747801,0.2928885630498534,0.03519061583577713,-0.7848240469208211,0.3522727272727273,-0.006231671554252199
leaf_rgb_CSI_March,-0.37609970674486803,-0.37316715542521994,-0.5396883683716428,-0.4142228739002933,0.6339268884355808,-0.4475806451612903,-0.3152492668621701,0.5982733984184992,-0.26502932551319647,-0.02309384164222874,0.2873900293255132,-0.4468475073313783,-0.5157624633431085,-0.2065108174197993,0.2155425219941349,-0.1559893691823171,0.16422287390029325,0.5423645320197045,0.5536614597733523,0.5364532019704433,0.5374384236453202,0.11089726011198807,0.18000183376854922,-0.19321723514392378,0.2737942831366804,0.1504032258064516,-0.020967741935483872,0.46454477370889935,0.2393248690835886,-0.2789589442815249,-0.2587976539589443,-0.021994134897360705,-0.5714809384164223,0.09164222873900293,-0.34925458143385885,-0.594208211143695,-0.16005890971750103,0.008076367004094089,-0.02046792375417865,0.036710759109518584,0.02202645546571115,-0.07929523967656014,0.051546894879542164,-0.0677473475559697,-0.07861885374363925,-0.07121887267246606,-0.25844374413101084,-0.3390762463343108,0.21444281524926687,-0.4538123167155425,-0.34368985571897126,0.3214809384164223,0.5205278592375366,0.26392961876832843,-0.501466275659824,0.42045454545454547,-0.2972873900293255,0.3467741935483871,-0.2525659824046921,0.06488269794721407,-0.21664222873900293,0.11913489736070382,-0.24266862170087977,0.2903225806451613,-0.2859237536656892,0.028225806451612902,-0.374633431085044,-0.49156891495601174,-0.0747800586510264,-0.5597507331378299,-0.5641495601173021,-0.2320381231671554,-0.12426686217008798,-0.06818181818181818,-0.010997067448680353,0.14736070381231672,-0.3416422287390029,-0.4431818181818182,-0.08174486803519061,0.13929618768328444,-0.1660557184750733,-0.39002932551319647,0.1378299120234604,-0.594574780058651,-0.14809384164222875,-0.14222873900293256,0.1279325513196481,0.30388563049853373,0.3387096774193548,0.2782258064516129,0.3555718475073314,-0.2969208211143695,1.0,-0.021994134897360705,-0.08651026392961877,-0.3852639296187683,-0.2789589442815249,0.0656158357771261,-0.6539589442815249,-0.2587976539589443
leaf_rgb_CSI_May,0.015029325513196481,0.1187683284457478,-0.06819431828609074,-0.051319648093841645,-0.07659623404768606,-0.0032991202346041057,0.11986803519061584,-0.04290172699857608,0.06378299120234604,0.04875366568914956,0.18328445747800587,0.1495601173020528,-0.0344574780058651,0.11884459119718467,0.2532991202346041,0.17541930235896294,0.21407624633431085,0.08029556650246306,0.016466771841138223,0.22758620689655173,0.09359605911330049,0.08010264903956824,-0.03812666132775788,0.09220898413414957,0.019438843946743552,-0.10766129032258065,-0.12862903225806452,0.17246132989192947,-0.23122464274537485,0.2558651026392962,-0.4846041055718475,1.0,0.14552785923753667,0.12939882697947214,0.039325209280735504,0.15542521994134897,-0.0007342151821903717,0.1710721374503566,0.19103395503900072,-0.12628501133674394,0.19309859291606776,0.06093986012180085,0.20766034794329843,0.0022091526376946643,0.2637772756445466,0.37004445182394735,0.15932469453531065,-0.0905425219941349,0.4501466275659824,0.019428152492668622,-0.4129777306319159,-0.21407624633431085,0.23497067448680353,0.11730205278592376,0.11546920821114369,-0.4281524926686217,0.015029325513196481,0.07881231671554252,0.14772727272727273,-0.12316715542521994,0.23057184750733137,0.17045454545454544,0.3255131964809384,0.047653958944281524,0.056085043988269793,0.35410557184750735,0.18035190615835778,-0.00036656891495601173,0.2434017595307918,0.2595307917888563,-0.09127565982404692,-0.22250733137829912,0.3420087976539589,-0.49450146627565983,0.17668621700879766,-0.3376099706744868,0.1781524926686217,0.009897360703812317,-0.39589442815249265,-0.218475073313783,0.09640762463343108,-0.14442815249266863,0.020894428152492667,0.2404692082111437,0.03848973607038123,-0.022727272727272728,0.19648093841642228,0.005131964809384164,0.06964809384164222,-0.06158357771260997,0.0656158357771261,0.07038123167155426,-0.021994134897360705,1.0,-0.18695014662756598,0.03848973607038123,0.2558651026392962,-0.12573313782991202,0.030791788856304986,-0.4846041055718475
leaf_rgb_GA_December,0.1158357771260997,0.09970674486803519,0.19266728096419722,0.25439882697947214,-0.30423005492597555,0.2525659824046921,0.07514662756598241,-0.23135588851743538,0.15395894428152493,0.06304985337243402,-0.14772727272727273,0.10263929618768329,0.13856304985337242,-0.06345714283059552,-0.02346041055718475,-0.16772064959085797,-0.012463343108504398,-0.4014778325123153,-0.33824369044174085,-0.41773399014778323,-0.4182266009852217,-0.23205939058144942,-0.2023645870473303,0.0021998167189061528,-0.11516598111844292,-0.018951612903225806,0.21491935483870966,-0.44638129322028125,-0.18207099655666856,0.16385630498533724,0.2958211143695015,-0.18695014662756598,0.25806451612903225,0.06781524926686217,0.1843612534101808,0.23863636363636365,-0.3788550340102318,0.16813527672159512,0.17738867253621496,-0.11086649251074612,0.053597708299897136,-0.19530123846263886,-0.12518531613603096,-0.050810510666977275,0.08302738759842276,0.08884003704503497,0.008076367004094089,-0.030058651026392963,-0.062316715542521994,0.24450146627565983,0.19283292171539082,-0.051319648093841645,-0.33027859237536655,0.06854838709677419,0.2686950146627566,-0.17338709677419356,0.34347507331378296,-0.3555718475073314,0.17412023460410558,-0.15725806451612903,0.004765395894428153,-0.38233137829912023,0.08760997067448681,-0.11326979472140762,0.24450146627565983,-0.4244868035190616,-0.036656891495601175,0.2906891495601173,0.09750733137829912,0.14222873900293256,0.04985337243401759,0.4607771260997067,-0.3189149560117302,-0.04398826979472141,0.0076979472140762464,-0.007331378299120235,0.17925219941348974,0.2837243401759531,0.0373900293255132,0.17412023460410558,0.18291788856304986,0.006231671554252199,-0.04105571847507331,0.32074780058651026,0.02785923753665689,-0.20454545454545456,-0.12463343108504399,-0.2664956011730205,-0.3277126099706745,-0.17851906158357772,-0.29508797653958946,-0.5018328445747801,-0.08651026392961877,-0.18695014662756598,1.0,0.02126099706744868,0.16385630498533724,0.908724340175953,0.025293255131964808,0.2958211143695015
leaf_rgb_GA_March,0.45491202346041054,0.3717008797653959,0.5959670127636586,0.5021994134897361,-0.7802629161430525,0.5582844574780058,0.5340909090909091,-0.8331554562782834,0.13856304985337242,-0.059750733137829914,-0.6675219941348973,0.531891495601173,0.6880498533724341,0.3631362508802865,0.0032991202346041057,0.0874346992949063,0.08980938416422288,-0.6995073891625616,-0.7231882256132672,-0.6211822660098523,-0.6955665024630542,-0.0878013018076732,-0.07698652768104956,0.3776352034122229,-0.1340546691044296,-0.27661290322580645,-0.05403225806451613,-0.33923510528742296,-0.17525944259044335,0.3874633431085044,0.29508797653958946,0.03848973607038123,0.6741202346041055,0.056451612903225805,0.6142130459441609,0.6895161290322581,0.19309859291606776,-0.1527167578955973,-0.09551697751950036,-0.011013227732855575,0.11086649251074612,0.14610882125588398,0.10603932660934388,0.12223977928577141,-0.10360054558741247,-0.022760670647901524,-0.07562416376560828,0.48570381231671556,-0.5762463343108505,0.49156891495601174,0.36440289769030126,-0.6173020527859238,-0.5502199413489736,-0.3185483870967742,0.6869501466275659,-0.10153958944281524,0.3255131964809384,-0.40652492668621704,0.6774193548387096,-0.41678885630498536,0.21334310850439883,0.006231671554252199,0.07001466275659823,-0.3343108504398827,0.6774193548387096,-0.009897360703812317,0.3464076246334311,0.4805718475073314,0.3214809384164223,0.6301319648093842,0.7294721407624634,0.20234604105571846,-0.28848973607038125,0.24303519061583578,-0.19868035190615835,-0.09420821114369501,0.5249266862170088,0.6136363636363636,-0.14222873900293256,-0.03372434017595308,0.37280058651026393,0.39296187683284456,-0.43878299120234604,0.5806451612903226,0.013929618768328446,0.4468475073313783,-0.28848973607038125,-0.5949413489736071,-0.28848973607038125,-0.5172287390029325,-0.30095307917888564,0.2928885630498534,-0.3852639296187683,0.03848973607038123,0.02126099706744868,1.0,0.3874633431085044,-0.08760997067448681,0.9303519061583577,0.29508797653958946
leaf_rgb_GA_May,0.37976539589442815,0.34457478005865105,0.400183324781011,0.4772727272727273,-0.46447486170604513,0.49523460410557185,0.42558651026392963,-0.4343065239992839,0.35043988269794724,0.1495601173020528,-0.2958211143695015,0.4189882697947214,0.4706744868035191,0.1973407100743375,0.2631964809384164,0.08248556537255311,0.312316715542522,-0.37980295566502464,-0.47159754764702416,-0.42758620689655175,-0.3566502463054187,0.022179452022397614,-0.2991476504177926,0.4007332789607375,-0.47863568585849686,0.00282258064516129,-0.01975806451612903,-0.42399801423430744,-0.21263094137811142,1.0,0.626466275659824,0.2558651026392962,0.5043988269794721,0.28079178885630496,0.42926775477238505,0.4596774193548387,0.031571252834185985,0.07488994858341791,0.1569207487820363,-0.21879612429273076,0.23274621275434781,-0.3039650854268139,-0.0044183052753893285,-0.4057477011232533,0.03600302648073199,0.13362716315864764,0.011013227732855575,0.3775659824046921,0.03482404692082111,0.39002932551319647,0.07845293773211717,-0.4270527859237537,-0.10117302052785923,0.08541055718475073,0.532258064516129,-0.2903225806451613,0.2895894428152493,-0.3405425219941349,0.24853372434017595,-0.4560117302052786,0.3255131964809384,0.2628299120234604,0.0718475073313783,-0.1528592375366569,0.25769794721407624,-0.04398826979472141,0.41972140762463345,0.3662023460410557,0.4402492668621701,0.4281524926686217,0.3559384164222874,-0.04838709677419355,-0.07624633431085044,-0.41275659824046923,-0.16495601173020527,-0.40762463343108507,0.5190615835777126,0.5128299120234604,0.033357771260997066,-0.12683284457478006,0.19904692082111436,0.1693548387096774,-0.07844574780058651,0.45821114369501464,0.028958944281524925,0.32331378299120234,-0.18621700879765396,-0.46187683284457476,-0.09970674486803519,-0.4406158357771261,-0.07917888563049853,0.03519061583577713,-0.2789589442815249,0.2558651026392962,0.16385630498533724,0.3874633431085044,1.0,0.16642228739002932,0.4006598240469208,0.626466275659824
leaf_rgb_GGA_December,0.01466275659824047,0.021994134897360705,0.027314390926418065,0.12390029325513197,-0.1516252817209949,0.09274193548387097,-0.07551319648093842,-0.0564187094775795,0.09604105571847507,0.0780791788856305,0.021994134897360705,0.0032991202346041057,0.012829912023460411,-0.051352601134585965,0.026392961876832845,-0.13765924354397197,0.006231671554252199,-0.22118226600985222,-0.1630480359352047,-0.21379310344827587,-0.23251231527093597,-0.2177618925835402,-0.21427916871225464,-0.053528873493383054,-0.12671925629433767,-0.014516129032258065,0.2318548387096774,-0.33905163578753794,-0.18262328471609224,0.16642228739002932,0.24303519061583578,-0.12573313782991202,0.10153958944281524,0.1279325513196481,0.018689208371042616,0.08431085043988269,-0.34875221154042657,0.06607936639713345,0.17056603128482206,-0.2151250483817789,0.18281958036540255,-0.2261382761146345,-0.0014727684251297762,-0.09057525814548123,-0.03306400391087632,0.07856102449436977,0.0022026455465711152,-0.015029325513196481,0.0469208211143695,0.14039589442815248,0.01099807538300708,0.17118768328445746,-0.07991202346041056,0.22287390029325513,0.2283724340175953,-0.14406158357771262,0.37023460410557185,-0.218475073313783,0.21774193548387097,-0.16385630498533724,0.11510263929618768,-0.2602639296187683,0.1693548387096774,0.05498533724340176,0.27675953079178883,-0.36693548387096775,-0.020527859237536656,0.19831378299120234,0.15689149560117302,0.004032258064516129,-0.1158357771260997,0.44941348973607037,-0.20124633431085043,-0.02749266862170088,-0.022360703812316716,-0.07587976539589443,0.15175953079178886,0.14002932551319647,0.11070381231671554,0.22470674486803519,0.2631964809384164,0.012096774193548387,0.12683284457478006,0.13049853372434017,0.07661290322580645,-0.1781524926686217,0.06304985337243402,-0.18695014662756598,-0.15762463343108504,-0.09640762463343108,-0.13343108504398826,-0.7848240469208211,0.0656158357771261,-0.12573313782991202,0.908724340175953,-0.08760997067448681,0.16642228739002932,1.0,-0.10777126099706745,0.24303519061583578
leaf_rgb_GGA_March,0.5091642228739003,0.4446480938416422,0.6762603230037332,0.5436217008797654,-0.8347226426526606,0.6004398826979472,0.5414222873900293,-0.8582304382683187,0.21480938416422288,-0.03262463343108504,-0.6411290322580645,0.5879765395894428,0.7316715542521994,0.3453462426300906,-0.09310850439882698,0.1277609756992656,-0.0018328445747800588,-0.7453201970443349,-0.7841962655492875,-0.7,-0.7379310344827587,-0.12574466187904762,-0.11822931036732612,0.3712190713154133,-0.2259307145508307,-0.2995967741935484,-0.02620967741935484,-0.40693535074499954,-0.2266222414168443,0.4006598240469208,0.32697947214076245,0.030791788856304986,0.7331378299120235,0.01906158357771261,0.6311501410304183,0.7393695014662757,0.15491940344216842,-0.10425855587103278,-0.006822641251392883,-0.11086649251074612,0.04772398684237416,0.14170353016274173,0.03755559484080929,0.11929424243551186,-0.07641458681624749,-0.02496331619447264,0.009544797368474831,0.5065982404692082,-0.4959677419354839,0.5267595307917888,0.348455688384941,-0.5799120234604106,-0.6092375366568915,-0.35777126099706746,0.7338709677419355,-0.21077712609970675,0.3629032258064516,-0.46151026392961875,0.6140029325513197,-0.3284457478005865,0.249633431085044,-0.04032258064516129,0.14589442815249268,-0.39332844574780057,0.6414956011730205,0.011730205278592375,0.4035923753665689,0.5531524926686217,0.3024193548387097,0.6752199413489736,0.7536656891495601,0.24853372434017595,-0.21041055718475074,0.2056451612903226,-0.1594574780058651,-0.10190615835777127,0.5538856304985337,0.6667888563049853,-0.12353372434017595,-0.09530791788856305,0.31781524926686217,0.4596774193548387,-0.3999266862170088,0.6616568914956011,0.0373900293255132,0.42595307917888564,-0.3097507331378299,-0.625,-0.29508797653958946,-0.5377565982404692,-0.3148826979472141,0.3522727272727273,-0.6539589442815249,0.030791788856304986,0.025293255131964808,0.9303519061583577,0.4006598240469208,-0.10777126099706745,1.0,0.32697947214076245
leaf_rgb_GGA_May,0.2631964809384164,0.1466275659824047,0.34207149978990675,0.38673020527859236,-0.42314032108184624,0.3680351906158358,0.2587976539589443,-0.40550947437010265,0.1528592375366569,-0.016129032258064516,-0.4875366568914956,0.23240469208211142,0.40725806451612906,0.032645582149843935,-0.006598240469208211,-0.19429933176645844,0.027126099706744868,-0.43645320197044335,-0.49940209682140513,-0.5788177339901478,-0.4246305418719212,-0.2305929805303818,-0.197782055637744,0.1862511488673876,-0.41500097973094957,0.029838709677419355,0.0012096774193548388,-0.6111369041170394,-0.03700330668138562,0.626466275659824,1.0,-0.4846041055718475,0.35667155425219943,0.18511730205278593,0.4316039058187654,0.3086510263929619,0.10279012550665204,-0.01248165809723632,0.0409358475083573,-0.12041128987922096,0.05139506275332602,-0.3325994775322384,-0.16421367940197004,-0.3652465694321845,-0.03343138173210828,-0.18061693481883143,-0.15345097307778768,0.4219208211143695,-0.32038123167155425,0.3086510263929619,0.3935477974552701,-0.17302052785923755,-0.2998533724340176,0.013196480938416423,0.4112903225806452,-0.01722873900293255,0.2785923753665689,-0.37023460410557185,0.05865102639296188,-0.218475073313783,0.06928152492668621,0.13636363636363635,-0.22434017595307917,-0.14039589442815248,0.1631231671554252,-0.25769794721407624,0.2529325513196481,0.4633431085043988,0.17118768328445746,0.31048387096774194,0.3918621700879765,0.18475073313782991,-0.28519061583577715,-0.06634897360703812,-0.3035190615835777,-0.050953079178885634,0.3225806451612903,0.5098973607038123,0.3346774193548387,0.062316715542521994,0.06085043988269795,0.3555718475073314,-0.12133431085043989,0.24413489736070382,-0.08101173020527859,0.3618035190615836,-0.2719941348973607,-0.38892961876832843,-0.19464809384164222,-0.34017595307917886,-0.1374633431085044,-0.006231671554252199,-0.2587976539589443,-0.4846041055718475,0.2958211143695015,0.29508797653958946,0.626466275659824,0.24303519061583578,0.32697947214076245,1.0
